"","clmt_binary","age","gndr","lr_scale","Age"
"1",1,"25-35","Male",0,35
"2",1,"50-65","Male",0,58
"3",1,"50-65","Female",0,58
"4",1,"50-65","Female",0,52
"5",1,"> 65","Female",NA,75
"6",1,"50-65","Female",0,51
"7",0,"36-50","Female",NA,47
"8",1,"25-35","Male",0,25
"9",1,"25-35","Male",-3,27
"10",1,"> 65","Male",0,89
"11",1,"18-24","Female",0,19
"12",1,"36-50","Female",NA,49
"13",0,"18-24","Male",3,20
"14",1,"25-35","Male",NA,29
"15",1,"25-35","Female",-2,25
"16",1,"50-65","Male",NA,58
"17",1,"25-35","Female",NA,27
"18",1,"25-35","Female",0,35
"19",1,"36-50","Female",0,38
"20",1,"50-65","Female",0,64
"21",1,"> 65","Male",0,66
"22",1,"36-50","Male",NA,45
"23",1,"36-50","Male",1,49
"24",0,"36-50","Male",-5,45
"25",1,"50-65","Male",NA,57
"26",1,"> 65","Female",NA,73
"27",1,"25-35","Female",NA,25
"28",1,"25-35","Female",1,26
"29",1,"36-50","Female",0,36
"30",1,"25-35","Male",-1,29
"31",1,"50-65","Female",0,65
"32",1,"25-35","Female",0,26
"33",1,"25-35","Female",NA,34
"34",1,"18-24","Male",-2,20
"35",1,"18-24","Female",0,19
"36",1,"50-65","Female",NA,52
"37",1,"18-24","Male",0,20
"38",1,"25-35","Male",1,25
"39",1,"18-24","Female",0,18
"40",1,"25-35","Female",0,28
"41",1,"36-50","Female",0,42
"42",0,"50-65","Male",NA,60
"43",1,"50-65","Female",0,57
"44",1,"36-50","Female",NA,47
"45",1,"50-65","Male",0,53
"46",1,"> 65","Female",NA,70
"47",1,"> 65","Female",NA,68
"48",1,"50-65","Male",0,57
"49",1,"36-50","Female",NA,50
"50",1,"50-65","Female",NA,62
"51",1,"36-50","Female",NA,37
"52",1,"> 65","Female",0,76
"53",1,"25-35","Male",0,27
"54",1,"50-65","Female",0,64
"55",1,"18-24","Male",0,23
"56",1,"> 65","Male",0,67
"57",1,"50-65","Female",-2,55
"58",1,"> 65","Male",0,73
"59",0,"36-50","Male",0,36
"60",1,"18-24","Male",0,18
"61",1,"50-65","Male",2,61
"62",0,"36-50","Male",2,36
"63",1,"18-24","Female",0,19
"64",1,"50-65","Female",0,55
"65",1,"25-35","Male",NA,31
"66",1,"50-65","Female",-2,58
"67",1,"36-50","Male",0,40
"68",0,"18-24","Male",0,18
"69",1,"25-35","Female",-1,25
"70",0,"18-24","Female",0,18
"71",1,"> 65","Female",0,69
"72",0,"50-65","Male",0,65
"73",1,"50-65","Female",-1,58
"74",1,"> 65","Male",0,66
"75",0,"36-50","Male",3,45
"76",1,"> 65","Female",NA,72
"77",1,"36-50","Female",2,44
"78",1,"18-24","Male",NA,21
"79",1,"36-50","Male",0,36
"80",1,"18-24","Female",3,24
"81",0,"25-35","Male",2,35
"82",1,"> 65","Female",-1,70
"83",1,"25-35","Male",-1,25
"84",1,"25-35","Male",-1,29
"85",1,"18-24","Male",3,15
"86",1,"25-35","Male",NA,35
"87",1,"36-50","Male",NA,45
"88",1,"36-50","Female",NA,36
"89",1,"25-35","Male",0,35
"90",1,"18-24","Female",NA,15
"91",1,"25-35","Male",3,27
"92",0,"25-35","Male",-5,31
"93",1,"25-35","Female",NA,25
"94",1,"> 65","Male",1,76
"95",1,"> 65","Female",NA,73
"96",1,"50-65","Male",0,51
"97",0,"36-50","Male",0,50
"98",1,"25-35","Male",-3,31
"99",1,"18-24","Female",0,18
"100",1,"50-65","Female",0,51
"101",1,"50-65","Female",0,65
"102",1,"18-24","Female",0,18
"103",1,"50-65","Male",1,52
"104",0,"> 65","Female",NA,72
"105",1,"36-50","Female",NA,44
"106",1,"36-50","Male",NA,45
"107",1,"18-24","Female",NA,18
"108",1,"> 65","Male",0,76
"109",1,"36-50","Female",0,45
"110",1,"50-65","Female",0,55
"111",1,"36-50","Male",0,49
"112",1,"25-35","Female",0,35
"113",1,"18-24","Male",-2,21
"114",1,"25-35","Female",0,26
"115",1,"36-50","Male",NA,36
"116",1,"36-50","Female",-1,45
"117",1,"50-65","Female",-1,51
"118",1,"50-65","Female",-1,64
"119",1,"25-35","Female",0,31
"120",1,"36-50","Female",-1,38
"121",1,"25-35","Female",0,25
"122",1,"18-24","Female",3,18
"123",1,"25-35","Female",-1,27
"124",1,"> 65","Female",0,79
"125",1,"50-65","Male",1,60
"126",1,"25-35","Female",2,35
"127",1,"36-50","Female",2,46
"128",1,"18-24","Male",0,17
"129",1,"36-50","Male",-3,40
"130",1,"50-65","Female",0,56
"131",1,"25-35","Female",NA,33
"132",1,"36-50","Female",0,46
"133",1,"18-24","Male",0,19
"134",1,"18-24","Male",-3,19
"135",NA,"18-24","Female",2,24
"136",1,"25-35","Male",-2,27
"137",NA,"25-35","Male",0,26
"138",1,"25-35","Female",2,29
"139",1,"25-35","Male",-5,33
"140",1,"50-65","Female",NA,59
"141",1,"18-24","Male",3,21
"142",1,"50-65","Female",NA,57
"143",1,"18-24","Female",3,21
"144",1,"25-35","Male",2,25
"145",1,"50-65","Male",-3,52
"146",0,"36-50","Male",0,36
"147",1,"36-50","Female",NA,38
"148",1,"50-65","Male",0,51
"149",0,"18-24","Male",-2,22
"150",1,"> 65","Female",3,67
"151",1,"36-50","Male",-3,43
"152",1,"18-24","Female",5,20
"153",1,"25-35","Male",4,26
"154",1,"36-50","Female",2,41
"155",1,"50-65","Female",-1,52
"156",1,"36-50","Female",-3,39
"157",1,"36-50","Female",1,50
"158",1,"> 65","Female",-1,71
"159",1,"36-50","Male",NA,45
"160",1,"25-35","Female",-1,29
"161",NA,"36-50","Female",0,48
"162",1,"50-65","Female",0,56
"163",NA,"> 65","Female",0,72
"164",NA,"> 65","Male",-4,75
"165",1,"> 65","Male",-1,66
"166",1,"36-50","Female",NA,39
"167",1,"25-35","Female",NA,25
"168",0,"36-50","Female",0,50
"169",1,"> 65","Female",NA,70
"170",1,"25-35","Male",0,28
"171",0,"18-24","Male",NA,21
"172",1,"36-50","Female",NA,50
"173",1,"25-35","Male",2,30
"174",1,"25-35","Female",-1,33
"175",1,"25-35","Female",-1,26
"176",0,"18-24","Male",2,23
"177",1,"36-50","Male",3,45
"178",0,"25-35","Male",NA,31
"179",0,"50-65","Female",NA,55
"180",1,"36-50","Female",3,46
"181",1,"25-35","Female",NA,29
"182",1,"50-65","Female",0,60
"183",1,"50-65","Female",0,64
"184",1,"> 65","Female",-1,79
"185",1,"25-35","Male",-3,31
"186",1,"36-50","Female",NA,45
"187",1,"50-65","Female",-1,55
"188",1,"50-65","Female",0,52
"189",NA,"25-35","Female",NA,35
"190",0,"36-50","Female",NA,40
"191",1,"25-35","Male",0,31
"192",0,"25-35","Female",NA,25
"193",NA,"25-35","Male",NA,34
"194",NA,"25-35","Female",NA,32
"195",NA,"25-35","Male",NA,27
"196",1,"50-65","Male",3,58
"197",1,"36-50","Male",NA,40
"198",NA,"36-50","Male",0,47
"199",1,"> 65","Male",1,69
"200",1,"18-24","Female",-1,18
"201",0,"> 65","Female",-1,79
"202",0,"> 65","Female",3,70
"203",1,"36-50","Female",NA,43
"204",1,"36-50","Female",0,50
"205",1,"> 65","Male",-1,76
"206",0,"36-50","Female",-1,45
"207",1,"25-35","Male",NA,25
"208",1,"25-35","Male",NA,27
"209",1,"36-50","Female",NA,50
"210",1,"50-65","Female",NA,58
"211",1,"25-35","Male",-5,34
"212",0,"> 65","Female",NA,85
"213",0,"25-35","Female",1,28
"214",0,"> 65","Female",-3,68
"215",1,"50-65","Female",NA,64
"216",1,"36-50","Female",0,49
"217",1,"36-50","Male",0,47
"218",1,"50-65","Male",NA,61
"219",1,"50-65","Male",NA,53
"220",1,"50-65","Male",NA,64
"221",1,"36-50","Male",NA,36
"222",1,"> 65","Female",0,68
"223",1,"36-50","Female",-1,48
"224",1,"> 65","Male",-2,86
"225",1,"> 65","Female",NA,70
"226",1,"36-50","Female",NA,37
"227",1,"> 65","Female",0,77
"228",1,"> 65","Female",-1,94
"229",1,"36-50","Female",NA,40
"230",1,"50-65","Female",NA,59
"231",NA,"18-24","Male",NA,15
"232",1,"> 65","Female",1,75
"233",1,"36-50","Male",NA,48
"234",1,"25-35","Female",NA,34
"235",1,"25-35","Female",-1,27
"236",1,"36-50","Female",NA,40
"237",1,"> 65","Female",NA,67
"238",1,"25-35","Female",NA,32
"239",1,"> 65","Female",0,71
"240",1,"36-50","Female",NA,41
"241",1,"50-65","Female",1,64
"242",1,"25-35","Male",0,34
"243",1,"> 65","Female",0,72
"244",0,"25-35","Male",0,32
"245",0,"25-35","Female",1,27
"246",1,"36-50","Female",NA,38
"247",1,"25-35","Male",1,25
"248",1,"18-24","Female",1,20
"249",1,"25-35","Female",0,27
"250",1,"36-50","Male",2,44
"251",1,"36-50","Female",3,50
"252",1,"50-65","Female",1,58
"253",1,"18-24","Female",-1,16
"254",1,"50-65","Female",0,52
"255",1,"25-35","Female",2,30
"256",1,"36-50","Male",1,37
"257",0,"36-50","Female",1,42
"258",1,"36-50","Female",1,40
"259",0,"18-24","Male",3,18
"260",1,"50-65","Female",1,51
"261",1,"25-35","Female",4,29
"262",0,"25-35","Female",1,31
"263",1,"18-24","Male",0,24
"264",1,"25-35","Male",1,26
"265",1,"18-24","Male",0,24
"266",1,"36-50","Female",-1,38
"267",1,"36-50","Female",0,37
"268",1,"25-35","Male",0,35
"269",1,"25-35","Female",1,25
"270",1,"25-35","Female",0,27
"271",1,"50-65","Female",0,54
"272",0,"36-50","Female",-1,49
"273",1,"18-24","Male",1,23
"274",1,"50-65","Male",-1,65
"275",1,"25-35","Male",NA,29
"276",1,"36-50","Female",0,40
"277",1,"18-24","Female",0,21
"278",1,"18-24","Male",0,23
"279",0,"18-24","Male",-2,21
"280",1,"25-35","Female",0,35
"281",1,"25-35","Male",-5,27
"282",1,"25-35","Female",0,35
"283",1,"50-65","Male",0,56
"284",1,"25-35","Female",0,25
"285",1,"36-50","Female",NA,44
"286",1,"50-65","Female",NA,56
"287",NA,"50-65","Female",NA,52
"288",NA,"50-65","Female",NA,60
"289",1,"25-35","Male",NA,26
"290",1,"50-65","Male",0,55
"291",1,"36-50","Male",0,37
"292",1,"25-35","Female",NA,29
"293",1,"25-35","Male",0,32
"294",1,"25-35","Male",0,35
"295",1,"36-50","Female",2,46
"296",1,"36-50","Female",0,38
"297",1,"36-50","Male",0,42
"298",1,"> 65","Male",0,75
"299",0,"50-65","Male",1,58
"300",1,"50-65","Male",-1,58
"301",1,"25-35","Female",NA,33
"302",1,"25-35","Female",0,34
"303",1,"50-65","Female",0,63
"304",1,"18-24","Female",-3,22
"305",1,"36-50","Male",-1,39
"306",1,"50-65","Female",-1,64
"307",1,"25-35","Male",0,33
"308",1,"> 65","Female",0,66
"309",1,"36-50","Female",3,39
"310",1,"36-50","Female",-1,41
"311",1,"36-50","Female",0,43
"312",1,"36-50","Female",NA,39
"313",1,"36-50","Male",NA,45
"314",1,"> 65","Female",2,66
"315",1,"50-65","Female",0,64
"316",1,"36-50","Female",0,41
"317",1,"50-65","Female",4,52
"318",1,"25-35","Female",2,35
"319",1,"36-50","Female",0,38
"320",1,"25-35","Female",2,35
"321",1,"50-65","Female",0,59
"322",0,"18-24","Female",0,17
"323",1,"18-24","Male",-1,24
"324",1,"50-65","Female",-1,59
"325",1,"36-50","Male",-1,40
"326",1,"> 65","Male",1,77
"327",1,"18-24","Male",0,21
"328",1,"18-24","Male",NA,16
"329",1,"36-50","Male",0,38
"330",1,"18-24","Male",0,23
"331",1,"50-65","Female",-2,54
"332",1,"25-35","Male",3,30
"333",1,"50-65","Female",0,65
"334",1,"> 65","Female",NA,77
"335",1,"25-35","Female",NA,29
"336",1,"18-24","Female",-1,19
"337",1,"> 65","Female",0,79
"338",1,"25-35","Male",5,29
"339",1,"18-24","Female",0,23
"340",1,"50-65","Male",NA,60
"341",NA,"36-50","Male",0,45
"342",1,"18-24","Female",2,21
"343",1,"50-65","Female",2,61
"344",1,"18-24","Female",-4,16
"345",1,"50-65","Female",NA,65
"346",0,"25-35","Male",-2,31
"347",1,"> 65","Male",NA,68
"348",0,"36-50","Male",NA,36
"349",1,"18-24","Male",0,24
"350",1,"> 65","Female",3,76
"351",0,"36-50","Female",1,42
"352",1,"36-50","Female",3,40
"353",1,"50-65","Male",1,59
"354",1,"25-35","Male",0,30
"355",1,"50-65","Female",NA,58
"356",1,"50-65","Female",NA,65
"357",1,"50-65","Female",1,58
"358",1,"36-50","Female",2,39
"359",1,"25-35","Female",NA,30
"360",1,"36-50","Male",-2,39
"361",1,"36-50","Female",0,40
"362",1,"50-65","Female",NA,56
"363",1,"50-65","Female",NA,62
"364",1,"50-65","Male",-3,56
"365",1,"25-35","Male",0,27
"366",1,"36-50","Female",NA,39
"367",1,"50-65","Female",0,51
"368",1,"> 65","Female",NA,67
"369",NA,"> 65","Female",NA,83
"370",0,"25-35","Male",-1,29
"371",1,"25-35","Male",0,27
"372",NA,"25-35","Male",-2,28
"373",1,"18-24","Male",1,18
"374",1,"50-65","Female",0,53
"375",0,"25-35","Male",0,33
"376",1,"> 65","Female",NA,70
"377",0,"50-65","Male",0,55
"378",1,"50-65","Female",0,59
"379",1,"25-35","Female",0,27
"380",1,"25-35","Male",0,33
"381",1,"25-35","Male",NA,25
"382",1,"> 65","Male",NA,82
"383",1,"18-24","Female",1,20
"384",0,"25-35","Male",NA,27
"385",1,"> 65","Female",0,79
"386",1,"25-35","Male",NA,29
"387",1,"25-35","Male",0,32
"388",1,"> 65","Female",NA,84
"389",1,"50-65","Female",-5,63
"390",1,"36-50","Female",0,43
"391",1,"18-24","Female",0,23
"392",1,"> 65","Female",-1,69
"393",1,"50-65","Male",NA,58
"394",1,"> 65","Male",-1,66
"395",1,"25-35","Female",NA,31
"396",1,"36-50","Female",NA,37
"397",1,"36-50","Male",0,49
"398",1,"25-35","Male",0,33
"399",1,"> 65","Female",NA,70
"400",1,"> 65","Male",0,84
"401",1,"> 65","Male",0,79
"402",1,"18-24","Male",NA,20
"403",1,"36-50","Female",0,45
"404",1,"50-65","Female",0,60
"405",1,"> 65","Male",-5,75
"406",1,"25-35","Male",0,27
"407",1,"50-65","Female",NA,65
"408",1,"50-65","Female",0,52
"409",1,"36-50","Female",-2,44
"410",1,"25-35","Male",NA,30
"411",0,"50-65","Male",-1,62
"412",1,"18-24","Male",NA,15
"413",1,"> 65","Female",NA,90
"414",1,"> 65","Female",3,76
"415",1,"36-50","Male",0,37
"416",0,"50-65","Male",-4,62
"417",1,"> 65","Female",0,69
"418",0,"50-65","Female",-4,59
"419",1,"50-65","Female",0,63
"420",0,"> 65","Male",0,73
"421",1,"50-65","Female",1,52
"422",1,"> 65","Female",0,82
"423",1,"> 65","Female",0,67
"424",1,"50-65","Female",3,59
"425",1,"25-35","Female",0,34
"426",1,"36-50","Female",0,39
"427",1,"> 65","Female",0,72
"428",NA,"> 65","Female",5,75
"429",NA,"36-50","Male",5,42
"430",NA,"> 65","Female",NA,71
"431",1,"50-65","Female",NA,57
"432",NA,"> 65","Male",NA,71
"433",0,"36-50","Female",NA,45
"434",NA,"50-65","Male",NA,53
"435",0,"> 65","Female",NA,91
"436",NA,"> 65","Female",NA,90
"437",0,"50-65","Female",NA,58
"438",0,"36-50","Female",-5,39
"439",0,"36-50","Female",NA,46
"440",1,"25-35","Male",5,27
"441",0,"36-50","Female",NA,39
"442",0,"36-50","Male",-5,48
"443",0,"36-50","Male",NA,50
"444",0,"36-50","Female",5,44
"445",1,"> 65","Female",0,68
"446",1,"36-50","Female",0,47
"447",1,"36-50","Female",0,49
"448",1,"18-24","Male",NA,15
"449",NA,"25-35","Female",0,33
"450",1,"36-50","Female",0,40
"451",NA,"25-35","Male",0,33
"452",1,"50-65","Male",0,65
"453",NA,"36-50","Male",0,43
"454",1,"25-35","Male",0,27
"455",1,"18-24","Female",NA,18
"456",NA,"36-50","Male",NA,50
"457",NA,"25-35","Male",NA,26
"458",1,"25-35","Female",NA,32
"459",1,"50-65","Male",NA,65
"460",1,"50-65","Female",-2,56
"461",1,"36-50","Female",0,50
"462",1,"36-50","Male",NA,44
"463",NA,"18-24","Female",NA,21
"464",1,"> 65","Female",-3,77
"465",1,"50-65","Male",0,58
"466",1,"50-65","Female",-1,55
"467",1,"25-35","Female",NA,27
"468",1,"25-35","Male",NA,29
"469",1,"50-65","Female",1,59
"470",1,"36-50","Female",1,42
"471",1,"25-35","Male",NA,27
"472",1,"25-35","Female",NA,30
"473",NA,"36-50","Female",NA,37
"474",NA,"50-65","Male",2,63
"475",NA,"36-50","Female",-1,44
"476",1,"50-65","Male",-2,58
"477",NA,"> 65","Female",1,67
"478",1,"36-50","Male",NA,38
"479",1,"18-24","Female",0,22
"480",NA,"18-24","Female",1,22
"481",1,"50-65","Female",1,51
"482",1,"36-50","Male",0,40
"483",NA,"25-35","Female",0,31
"484",1,"25-35","Female",NA,34
"485",1,"50-65","Female",NA,58
"486",1,"18-24","Male",NA,16
"487",1,"50-65","Female",NA,53
"488",1,"> 65","Female",0,70
"489",1,"25-35","Female",-1,35
"490",1,"36-50","Male",NA,37
"491",1,"36-50","Male",1,44
"492",0,"25-35","Female",1,25
"493",1,"18-24","Male",-2,23
"494",1,"25-35","Male",-3,25
"495",1,"36-50","Female",-2,42
"496",NA,"25-35","Female",0,26
"497",1,"25-35","Male",0,33
"498",1,"25-35","Male",3,31
"499",1,"36-50","Female",3,45
"500",1,"25-35","Female",-2,27
"501",1,"25-35","Male",2,35
"502",1,"18-24","Male",3,19
"503",1,"25-35","Female",0,35
"504",1,"36-50","Female",3,45
"505",1,"25-35","Female",2,25
"506",1,"18-24","Male",-3,21
"507",1,"50-65","Female",-3,65
"508",1,"36-50","Female",0,38
"509",1,"18-24","Female",-1,19
"510",1,"18-24","Male",-5,22
"511",1,"50-65","Male",-1,63
"512",1,"36-50","Male",3,39
"513",1,"25-35","Female",1,32
"514",1,"18-24","Male",0,20
"515",1,"25-35","Female",0,29
"516",1,"36-50","Female",-3,45
"517",1,"18-24","Female",-5,19
"518",0,"18-24","Male",2,23
"519",1,"25-35","Male",NA,25
"520",NA,"25-35","Female",-5,26
"521",0,"> 65","Male",3,77
"522",1,"50-65","Female",0,57
"523",1,"25-35","Male",3,25
"524",1,"50-65","Female",3,63
"525",1,"18-24","Male",0,22
"526",1,"50-65","Female",3,51
"527",1,"25-35","Female",0,27
"528",1,"> 65","Male",1,78
"529",1,"36-50","Female",3,44
"530",1,"> 65","Female",3,80
"531",1,"> 65","Female",3,68
"532",1,"36-50","Female",NA,47
"533",1,"18-24","Female",NA,22
"534",1,"25-35","Female",4,26
"535",1,"25-35","Female",3,35
"536",1,"25-35","Male",4,33
"537",1,"18-24","Female",2,24
"538",1,"50-65","Male",3,53
"539",1,"36-50","Female",4,46
"540",0,"25-35","Male",NA,34
"541",0,"50-65","Male",0,62
"542",0,"36-50","Male",NA,48
"543",1,"50-65","Female",NA,63
"544",1,"> 65","Female",3,69
"545",1,"36-50","Male",NA,49
"546",1,"> 65","Female",1,66
"547",1,"50-65","Male",0,53
"548",1,"> 65","Male",0,79
"549",1,"> 65","Female",3,66
"550",1,"50-65","Female",NA,52
"551",1,"50-65","Female",5,53
"552",1,"18-24","Male",NA,18
"553",1,"> 65","Male",NA,75
"554",1,"50-65","Female",NA,62
"555",1,"50-65","Male",NA,54
"556",0,"36-50","Female",NA,40
"557",1,"50-65","Male",NA,60
"558",1,"36-50","Female",NA,48
"559",1,"36-50","Female",0,41
"560",0,"36-50","Male",0,47
"561",0,"36-50","Male",NA,41
"562",1,"> 65","Female",0,67
"563",1,"36-50","Male",NA,46
"564",1,"25-35","Male",-1,35
"565",1,"50-65","Female",0,62
"566",1,"50-65","Female",NA,55
"567",1,"36-50","Female",NA,43
"568",1,"25-35","Male",-3,30
"569",NA,"50-65","Female",NA,60
"570",1,"50-65","Female",5,57
"571",1,"50-65","Female",0,56
"572",0,"50-65","Female",NA,58
"573",1,"18-24","Male",3,21
"574",1,"> 65","Male",-1,68
"575",1,"> 65","Female",0,71
"576",NA,"> 65","Male",-3,77
"577",1,"18-24","Female",NA,23
"578",0,"25-35","Male",2,31
"579",1,"36-50","Male",-3,40
"580",1,"36-50","Female",-2,49
"581",1,"36-50","Male",1,39
"582",1,"> 65","Female",NA,78
"583",NA,"36-50","Female",NA,37
"584",1,"> 65","Female",-2,74
"585",1,"50-65","Male",-1,56
"586",1,"50-65","Female",1,58
"587",1,"> 65","Male",NA,74
"588",1,"> 65","Female",2,74
"589",0,"> 65","Female",-3,78
"590",1,"50-65","Female",0,64
"591",0,"36-50","Female",0,39
"592",1,"> 65","Female",0,67
"593",1,"25-35","Male",-3,28
"594",1,"> 65","Female",1,67
"595",1,"25-35","Female",NA,32
"596",1,"18-24","Male",NA,16
"597",1,"36-50","Male",NA,43
"598",1,"36-50","Female",1,44
"599",1,"36-50","Female",NA,39
"600",1,"36-50","Male",NA,43
"601",1,"36-50","Female",0,47
"602",1,"50-65","Female",0,58
"603",1,"50-65","Female",1,62
"604",1,"50-65","Female",NA,56
"605",0,"50-65","Female",0,59
"606",NA,"18-24","Female",NA,24
"607",1,"50-65","Female",-3,59
"608",1,"36-50","Female",0,40
"609",1,"36-50","Male",NA,39
"610",0,"36-50","Female",NA,36
"611",1,"36-50","Female",0,42
"612",1,"> 65","Female",0,69
"613",1,"50-65","Male",0,56
"614",1,"50-65","Female",0,60
"615",0,"50-65","Female",-3,59
"616",1,"36-50","Male",0,39
"617",1,"> 65","Female",-1,82
"618",1,"> 65","Male",NA,68
"619",1,"36-50","Male",0,38
"620",0,"> 65","Male",NA,78
"621",0,"50-65","Female",0,65
"622",1,"> 65","Female",0,67
"623",1,"50-65","Female",NA,62
"624",0,"> 65","Female",0,70
"625",1,"25-35","Male",0,29
"626",1,"18-24","Female",0,20
"627",1,"36-50","Male",NA,36
"628",1,"36-50","Female",2,45
"629",1,"50-65","Female",0,65
"630",1,"> 65","Male",3,72
"631",1,"50-65","Male",NA,63
"632",1,"36-50","Male",0,36
"633",1,"50-65","Female",0,55
"634",1,"25-35","Male",NA,30
"635",1,"36-50","Male",0,41
"636",1,"> 65","Female",0,67
"637",1,"50-65","Male",0,58
"638",1,"25-35","Male",0,35
"639",1,"25-35","Male",0,30
"640",1,"25-35","Female",-2,31
"641",1,"18-24","Female",3,19
"642",1,"> 65","Female",NA,66
"643",1,"25-35","Female",0,25
"644",1,"18-24","Female",-1,21
"645",1,"18-24","Female",0,20
"646",1,"36-50","Female",NA,41
"647",1,"18-24","Female",0,21
"648",1,"18-24","Female",-2,24
"649",1,"25-35","Male",2,27
"650",1,"> 65","Male",2,72
"651",1,"25-35","Female",0,33
"652",1,"36-50","Female",0,47
"653",1,"> 65","Female",4,78
"654",1,"36-50","Female",0,38
"655",1,"> 65","Male",NA,67
"656",1,"> 65","Male",NA,70
"657",1,"36-50","Male",-2,47
"658",1,"36-50","Male",0,49
"659",1,"36-50","Female",0,50
"660",1,"36-50","Female",NA,42
"661",1,"50-65","Female",0,54
"662",1,"50-65","Male",NA,52
"663",1,"50-65","Female",NA,60
"664",1,"25-35","Female",NA,30
"665",1,"25-35","Male",NA,25
"666",1,"25-35","Female",NA,30
"667",1,"25-35","Female",NA,25
"668",1,"25-35","Male",-2,30
"669",1,"> 65","Male",5,70
"670",1,"> 65","Female",NA,77
"671",1,"50-65","Male",0,51
"672",1,"50-65","Female",NA,64
"673",0,"36-50","Female",0,38
"674",1,"50-65","Male",-3,51
"675",1,"25-35","Male",0,31
"676",1,"36-50","Male",0,38
"677",1,"25-35","Male",5,34
"678",1,"50-65","Female",NA,58
"679",1,"> 65","Female",NA,68
"680",1,"36-50","Female",NA,38
"681",1,"25-35","Male",0,32
"682",1,"25-35","Male",0,27
"683",1,"25-35","Male",NA,32
"684",1,"50-65","Male",NA,52
"685",1,"25-35","Male",0,30
"686",1,"> 65","Male",0,82
"687",1,"25-35","Male",NA,33
"688",1,"50-65","Male",NA,62
"689",1,"36-50","Male",0,39
"690",NA,"> 65","Female",NA,74
"691",1,"> 65","Female",NA,85
"692",1,"18-24","Female",NA,19
"693",0,"> 65","Female",NA,73
"694",1,"36-50","Female",0,50
"695",1,"> 65","Female",NA,81
"696",1,"36-50","Male",NA,42
"697",NA,"> 65","Female",NA,71
"698",1,"36-50","Female",NA,39
"699",NA,"18-24","Male",NA,22
"700",1,"50-65","Female",NA,60
"701",1,"25-35","Male",5,33
"702",1,"25-35","Female",1,34
"703",1,"> 65","Female",NA,69
"704",1,"25-35","Female",1,29
"705",0,"> 65","Female",3,80
"706",0,"36-50","Male",0,36
"707",0,"18-24","Female",0,19
"708",1,"50-65","Female",NA,64
"709",1,"36-50","Male",0,37
"710",1,"36-50","Female",0,42
"711",1,"18-24","Male",NA,23
"712",0,"25-35","Female",-3,31
"713",1,"25-35","Female",0,34
"714",1,"36-50","Male",0,44
"715",1,"25-35","Male",0,35
"716",1,"> 65","Male",1,79
"717",1,"18-24","Female",NA,21
"718",1,"25-35","Male",0,30
"719",1,"18-24","Male",-2,21
"720",1,"50-65","Female",NA,63
"721",1,"50-65","Female",NA,53
"722",1,"18-24","Female",NA,24
"723",1,"50-65","Female",0,51
"724",NA,"25-35","Male",-5,30
"725",0,"25-35","Male",0,26
"726",0,"50-65","Male",-5,53
"727",0,"25-35","Female",0,25
"728",0,"50-65","Male",0,54
"729",0,"50-65","Male",-5,53
"730",0,"25-35","Male",-3,29
"731",1,"36-50","Female",1,41
"732",NA,"18-24","Female",NA,21
"733",1,"50-65","Female",0,57
"734",1,"25-35","Female",-3,34
"735",1,"> 65","Male",0,66
"736",1,"50-65","Female",0,63
"737",1,"50-65","Female",-2,54
"738",1,"50-65","Male",-2,55
"739",1,"> 65","Female",-2,87
"740",1,"25-35","Female",0,30
"741",1,"25-35","Female",0,29
"742",1,"18-24","Female",3,18
"743",1,"25-35","Female",NA,30
"744",1,"> 65","Male",-4,72
"745",1,"25-35","Female",-2,34
"746",1,"25-35","Female",NA,27
"747",1,"> 65","Female",NA,67
"748",1,"25-35","Male",NA,32
"749",1,"36-50","Female",0,47
"750",1,"36-50","Female",0,47
"751",1,"50-65","Female",0,57
"752",1,"50-65","Female",-3,64
"753",1,"50-65","Male",0,51
"754",1,"36-50","Female",NA,44
"755",1,"50-65","Female",0,61
"756",1,"50-65","Male",2,59
"757",1,"> 65","Female",0,74
"758",1,"> 65","Female",1,74
"759",1,"25-35","Female",0,25
"760",1,"50-65","Male",2,59
"761",1,"50-65","Female",0,56
"762",1,"50-65","Male",1,58
"763",1,"50-65","Female",1,51
"764",1,"36-50","Female",2,39
"765",1,"50-65","Female",NA,63
"766",1,"50-65","Male",-2,64
"767",NA,"25-35","Male",-3,32
"768",0,"18-24","Female",1,20
"769",NA,"50-65","Female",-3,65
"770",1,"> 65","Male",0,76
"771",0,"> 65","Female",-2,68
"772",1,"> 65","Female",0,76
"773",1,"36-50","Female",0,42
"774",1,"> 65","Male",1,73
"775",1,"50-65","Male",-1,59
"776",1,"> 65","Female",0,66
"777",1,"50-65","Female",NA,51
"778",1,"25-35","Female",0,30
"779",1,"36-50","Female",3,43
"780",1,"36-50","Male",NA,38
"781",1,"25-35","Male",0,32
"782",1,"25-35","Female",0,27
"783",1,"> 65","Female",-1,67
"784",1,"18-24","Male",0,23
"785",1,"50-65","Female",0,61
"786",1,"> 65","Male",-2,69
"787",1,"36-50","Male",0,39
"788",1,"25-35","Female",NA,35
"789",1,"25-35","Male",NA,28
"790",1,"36-50","Female",NA,46
"791",1,"36-50","Female",-1,50
"792",1,"36-50","Male",-2,46
"793",1,"18-24","Male",0,16
"794",1,"> 65","Male",NA,82
"795",0,"50-65","Male",2,59
"796",NA,"36-50","Male",-2,49
"797",1,"18-24","Female",0,20
"798",1,"25-35","Male",0,32
"799",1,"50-65","Male",0,52
"800",1,"18-24","Female",0,18
"801",1,"> 65","Male",0,73
"802",1,"36-50","Male",0,41
"803",1,"25-35","Female",0,29
"804",1,"50-65","Female",1,63
"805",1,"18-24","Male",0,18
"806",1,"36-50","Female",NA,37
"807",1,"36-50","Female",0,43
"808",1,"25-35","Male",-5,33
"809",1,"50-65","Female",NA,55
"810",1,"36-50","Male",-1,43
"811",0,"25-35","Male",NA,35
"812",1,"50-65","Female",0,52
"813",0,"> 65","Male",5,69
"814",0,"25-35","Male",NA,26
"815",0,"36-50","Male",NA,40
"816",NA,"> 65","Female",NA,75
"817",0,"> 65","Female",NA,69
"818",0,"> 65","Female",-2,77
"819",1,"> 65","Female",0,80
"820",1,"50-65","Female",0,58
"821",1,"50-65","Female",NA,55
"822",1,"25-35","Male",2,31
"823",1,"50-65","Female",NA,57
"824",1,"> 65","Female",NA,69
"825",0,"> 65","Male",-4,73
"826",1,"> 65","Male",0,73
"827",1,"50-65","Female",3,52
"828",1,"> 65","Male",0,69
"829",1,"36-50","Female",0,44
"830",1,"36-50","Male",0,49
"831",0,"25-35","Female",2,34
"832",1,"36-50","Male",0,49
"833",NA,"36-50","Male",NA,45
"834",0,"25-35","Female",1,28
"835",0,"36-50","Male",-2,38
"836",1,"25-35","Female",0,29
"837",1,"25-35","Female",NA,33
"838",1,"25-35","Male",1,27
"839",1,"18-24","Male",0,22
"840",1,"36-50","Male",2,36
"841",0,"36-50","Male",0,41
"842",1,"25-35","Male",-2,31
"843",1,"36-50","Male",NA,48
"844",1,"50-65","Male",0,59
"845",1,"50-65","Male",0,59
"846",1,"25-35","Male",0,32
"847",1,"18-24","Female",NA,22
"848",1,"> 65","Female",0,80
"849",1,"50-65","Male",0,52
"850",1,"> 65","Female",-1,73
"851",1,"36-50","Female",2,47
"852",1,"> 65","Female",0,77
"853",1,"25-35","Female",0,26
"854",1,"50-65","Female",1,56
"855",1,"25-35","Female",0,33
"856",1,"50-65","Female",3,59
"857",1,"18-24","Female",0,21
"858",1,"36-50","Female",1,49
"859",NA,"36-50","Female",0,44
"860",1,"50-65","Female",0,51
"861",0,"> 65","Female",-2,77
"862",1,"50-65","Male",-1,54
"863",1,"36-50","Male",-1,44
"864",1,"25-35","Male",0,28
"865",1,"> 65","Female",-3,78
"866",1,"36-50","Male",0,49
"867",1,"50-65","Female",-1,58
"868",1,"50-65","Male",-3,51
"869",NA,"18-24","Male",3,18
"870",1,"18-24","Male",0,15
"871",1,"25-35","Male",-2,30
"872",1,"50-65","Female",-3,64
"873",1,"36-50","Male",-2,45
"874",1,"36-50","Male",0,48
"875",1,"> 65","Female",0,76
"876",1,"> 65","Female",NA,75
"877",1,"> 65","Female",0,78
"878",1,"50-65","Female",5,55
"879",1,"> 65","Female",NA,69
"880",NA,"50-65","Female",-3,57
"881",1,"50-65","Male",-5,65
"882",1,"36-50","Male",NA,45
"883",1,"25-35","Male",-1,28
"884",0,"36-50","Male",-4,39
"885",1,"50-65","Male",0,65
"886",1,"50-65","Male",0,51
"887",1,"> 65","Female",NA,83
"888",NA,"50-65","Female",-5,56
"889",1,"> 65","Male",NA,90
"890",0,"> 65","Female",-3,86
"891",1,"50-65","Female",-4,62
"892",1,"25-35","Female",NA,30
"893",1,"> 65","Female",2,68
"894",0,"25-35","Female",-2,30
"895",0,"25-35","Male",2,30
"896",0,"25-35","Male",2,26
"897",0,"> 65","Male",-1,69
"898",1,"50-65","Male",2,61
"899",0,"50-65","Female",1,59
"900",1,"50-65","Female",0,65
"901",1,"36-50","Female",3,38
"902",1,"25-35","Female",1,27
"903",0,"25-35","Female",3,30
"904",0,"25-35","Male",-2,29
"905",0,"25-35","Male",2,25
"906",NA,"> 65","Female",2,67
"907",0,"36-50","Female",-2,39
"908",1,"> 65","Female",2,71
"909",0,"25-35","Male",2,31
"910",1,"25-35","Female",2,27
"911",1,"25-35","Female",-2,26
"912",0,"36-50","Female",2,40
"913",1,"50-65","Male",NA,53
"914",1,"> 65","Female",NA,76
"915",NA,"25-35","Male",NA,34
"916",1,"> 65","Female",NA,79
"917",1,"> 65","Male",NA,68
"918",1,"25-35","Male",0,33
"919",1,"50-65","Male",NA,56
"920",0,"18-24","Male",0,22
"921",1,"> 65","Female",NA,76
"922",0,"> 65","Female",0,68
"923",1,"50-65","Female",0,63
"924",NA,"25-35","Female",NA,34
"925",NA,"> 65","Female",1,70
"926",0,"25-35","Male",0,32
"927",0,"> 65","Female",0,79
"928",0,"> 65","Female",2,76
"929",0,"> 65","Female",-1,78
"930",1,"50-65","Female",-2,56
"931",1,"25-35","Male",5,34
"932",1,"25-35","Male",0,35
"933",1,"> 65","Female",NA,84
"934",0,"36-50","Male",0,36
"935",1,"18-24","Female",0,17
"936",1,"> 65","Female",0,79
"937",1,"> 65","Female",0,78
"938",1,"50-65","Female",0,52
"939",1,"25-35","Male",2,31
"940",1,"36-50","Male",-5,42
"941",1,"36-50","Male",0,40
"942",0,"> 65","Male",2,81
"943",1,"36-50","Male",NA,46
"944",1,"36-50","Female",0,47
"945",1,"36-50","Female",0,42
"946",1,"36-50","Female",1,40
"947",1,"> 65","Female",0,68
"948",1,"> 65","Female",0,75
"949",1,"36-50","Female",0,49
"950",1,"> 65","Female",0,73
"951",1,"50-65","Female",NA,65
"952",1,"50-65","Female",0,58
"953",1,"> 65","Female",NA,79
"954",1,"36-50","Female",0,42
"955",1,"50-65","Female",5,59
"956",1,"50-65","Male",-5,59
"957",1,"> 65","Female",NA,78
"958",1,"36-50","Female",0,40
"959",1,"36-50","Female",0,50
"960",1,"25-35","Female",3,33
"961",0,"18-24","Male",0,16
"962",1,"50-65","Female",NA,65
"963",1,"25-35","Male",-1,31
"964",1,"25-35","Female",0,33
"965",1,"> 65","Female",0,72
"966",NA,"18-24","Male",0,22
"967",NA,"50-65","Male",0,65
"968",1,"50-65","Female",0,52
"969",1,"36-50","Female",2,50
"970",1,"50-65","Female",NA,52
"971",1,"25-35","Female",-2,35
"972",1,"50-65","Female",NA,58
"973",1,"36-50","Male",-2,39
"974",1,"36-50","Female",NA,38
"975",1,"50-65","Female",NA,60
"976",1,"50-65","Female",5,58
"977",0,"50-65","Female",0,54
"978",1,"> 65","Female",1,88
"979",1,"36-50","Male",0,40
"980",1,"25-35","Male",2,30
"981",1,"25-35","Male",0,33
"982",1,"25-35","Male",2,33
"983",1,"50-65","Male",0,55
"984",1,"36-50","Female",2,42
"985",1,"25-35","Male",0,29
"986",1,"> 65","Female",0,68
"987",1,"36-50","Female",NA,49
"988",1,"> 65","Male",NA,67
"989",1,"> 65","Female",0,76
"990",1,"> 65","Female",NA,72
"991",1,"50-65","Male",0,63
"992",1,"36-50","Female",5,48
"993",1,"25-35","Male",0,27
"994",1,"50-65","Male",0,62
"995",1,"50-65","Female",0,59
"996",1,"50-65","Female",3,51
"997",NA,"> 65","Female",NA,67
"998",0,"50-65","Female",5,55
"999",1,"25-35","Female",3,31
"1000",1,"50-65","Female",0,60
"1001",1,"> 65","Male",-1,73
"1002",1,"50-65","Female",NA,61
"1003",0,"18-24","Female",NA,21
"1004",0,"50-65","Male",0,58
"1005",1,"> 65","Male",0,71
"1006",1,"18-24","Female",-2,23
"1007",1,"50-65","Male",-4,65
"1008",0,"25-35","Female",-2,26
"1009",1,"50-65","Female",NA,65
"1010",1,"> 65","Female",NA,71
"1011",1,"25-35","Female",5,25
"1012",1,"50-65","Male",0,60
"1013",1,"50-65","Male",5,63
"1014",1,"50-65","Female",NA,58
"1015",1,"25-35","Female",1,33
"1016",1,"36-50","Female",NA,36
"1017",NA,"25-35","Female",NA,28
"1018",0,"18-24","Male",0,23
"1019",0,"18-24","Male",3,22
"1020",1,"50-65","Male",0,63
"1021",1,"50-65","Female",1,53
"1022",1,"18-24","Female",0,20
"1023",1,"36-50","Female",5,36
"1024",1,"50-65","Female",3,60
"1025",1,"50-65","Female",2,52
"1026",1,"50-65","Female",NA,64
"1027",0,"50-65","Female",3,54
"1028",1,"> 65","Male",NA,71
"1029",0,"50-65","Male",-5,62
"1030",1,"50-65","Male",0,56
"1031",1,"> 65","Male",-3,74
"1032",1,"36-50","Male",-3,50
"1033",1,"50-65","Male",-1,52
"1034",0,"18-24","Female",5,21
"1035",1,"18-24","Female",0,24
"1036",1,"25-35","Male",5,26
"1037",1,"50-65","Male",0,52
"1038",NA,"36-50","Female",NA,42
"1039",NA,"36-50","Female",NA,49
"1040",1,"36-50","Female",0,41
"1041",1,"50-65","Female",NA,60
"1042",1,"36-50","Male",0,45
"1043",NA,"50-65","Female",0,56
"1044",1,"36-50","Female",NA,50
"1045",0,"> 65","Male",0,69
"1046",0,"50-65","Male",3,58
"1047",NA,"50-65","Male",NA,60
"1048",1,"50-65","Female",NA,53
"1049",1,"> 65","Female",4,68
"1050",1,"36-50","Male",5,45
"1051",1,"18-24","Female",-4,22
"1052",1,"25-35","Female",3,26
"1053",1,"50-65","Female",NA,58
"1054",1,"36-50","Male",NA,42
"1055",1,"> 65","Female",0,72
"1056",1,"> 65","Female",NA,68
"1057",1,"> 65","Female",2,71
"1058",1,"> 65","Male",NA,67
"1059",1,"50-65","Male",NA,52
"1060",1,"36-50","Male",0,48
"1061",1,"> 65","Male",NA,66
"1062",1,"> 65","Female",2,69
"1063",1,"25-35","Male",NA,30
"1064",0,"50-65","Female",0,53
"1065",1,"50-65","Female",0,56
"1066",1,"25-35","Female",2,33
"1067",1,"> 65","Female",NA,71
"1068",1,"50-65","Female",NA,58
"1069",1,"25-35","Male",3,28
"1070",1,"25-35","Male",0,28
"1071",1,"25-35","Male",NA,35
"1072",1,"36-50","Female",0,41
"1073",1,"18-24","Female",NA,21
"1074",1,"> 65","Female",NA,68
"1075",1,"18-24","Male",NA,22
"1076",1,"50-65","Female",NA,56
"1077",1,"25-35","Male",NA,27
"1078",1,"50-65","Female",-4,55
"1079",1,"50-65","Male",0,57
"1080",1,"36-50","Female",0,43
"1081",1,"18-24","Male",0,21
"1082",1,"50-65","Female",0,52
"1083",1,"> 65","Male",0,81
"1084",1,"36-50","Male",0,40
"1085",1,"25-35","Female",0,35
"1086",1,"> 65","Female",NA,70
"1087",1,"36-50","Female",NA,39
"1088",1,"36-50","Male",1,43
"1089",0,"50-65","Male",0,56
"1090",0,"> 65","Female",NA,78
"1091",NA,"> 65","Male",NA,74
"1092",0,"> 65","Male",NA,75
"1093",1,"25-35","Male",NA,29
"1094",0,"50-65","Male",0,58
"1095",0,"> 65","Female",NA,79
"1096",1,"36-50","Female",NA,49
"1097",0,"50-65","Male",NA,55
"1098",0,"50-65","Female",0,65
"1099",NA,"25-35","Female",0,26
"1100",0,"25-35","Male",NA,34
"1101",1,"> 65","Female",0,66
"1102",1,"25-35","Male",NA,31
"1103",1,"18-24","Female",1,20
"1104",1,"25-35","Female",0,25
"1105",0,"25-35","Male",NA,27
"1106",1,"18-24","Female",NA,22
"1107",1,"25-35","Male",NA,26
"1108",1,"18-24","Male",NA,23
"1109",1,"18-24","Male",-2,24
"1110",1,"18-24","Female",2,19
"1111",NA,"18-24","Female",0,24
"1112",1,"36-50","Male",0,46
"1113",1,"25-35","Male",NA,29
"1114",1,"> 65","Male",-1,67
"1115",1,"25-35","Male",0,26
"1116",1,"18-24","Male",0,23
"1117",0,"36-50","Female",0,46
"1118",1,"25-35","Male",NA,26
"1119",1,"> 65","Female",NA,70
"1120",1,"25-35","Male",3,26
"1121",1,"25-35","Female",0,25
"1122",1,"> 65","Male",1,80
"1123",0,"25-35","Male",0,25
"1124",0,"> 65","Female",0,75
"1125",1,"36-50","Female",0,38
"1126",1,"50-65","Female",NA,53
"1127",NA,"36-50","Male",NA,36
"1128",1,"36-50","Male",0,49
"1129",1,"> 65","Male",0,77
"1130",0,"50-65","Male",NA,58
"1131",1,"> 65","Male",2,78
"1132",1,"> 65","Female",2,69
"1133",1,"> 65","Female",1,72
"1134",NA,"> 65","Female",2,67
"1135",1,"36-50","Female",3,46
"1136",1,"50-65","Male",1,61
"1137",1,"> 65","Male",2,72
"1138",1,"36-50","Male",0,42
"1139",1,"> 65","Female",2,68
"1140",1,"36-50","Female",2,45
"1141",1,"> 65","Female",1,69
"1142",1,"18-24","Male",3,24
"1143",0,"18-24","Female",NA,15
"1144",1,"> 65","Female",2,69
"1145",NA,"25-35","Male",2,34
"1146",1,"18-24","Male",0,19
"1147",1,"50-65","Male",0,53
"1148",1,"50-65","Female",NA,56
"1149",1,"25-35","Female",0,30
"1150",0,"36-50","Male",NA,37
"1151",1,"36-50","Female",NA,49
"1152",1,"36-50","Female",NA,45
"1153",1,"25-35","Female",NA,33
"1154",NA,"25-35","Male",NA,28
"1155",0,"36-50","Male",5,40
"1156",0,"50-65","Male",3,55
"1157",0,"> 65","Female",NA,78
"1158",1,"> 65","Female",NA,68
"1159",1,"25-35","Male",2,25
"1160",1,"18-24","Female",3,21
"1161",1,"> 65","Female",NA,78
"1162",0,"36-50","Female",-1,49
"1163",0,"36-50","Female",2,38
"1164",1,"36-50","Male",1,43
"1165",1,"25-35","Male",NA,30
"1166",0,"50-65","Male",-3,64
"1167",1,"25-35","Female",-3,27
"1168",1,"18-24","Female",-3,23
"1169",1,"> 65","Male",NA,74
"1170",0,"> 65","Female",NA,80
"1171",1,"> 65","Male",1,76
"1172",1,"36-50","Male",NA,40
"1173",1,"> 65","Female",5,77
"1174",1,"36-50","Female",NA,40
"1175",1,"36-50","Female",NA,39
"1176",1,"50-65","Female",0,65
"1177",1,"36-50","Male",NA,39
"1178",1,"> 65","Male",-1,76
"1179",0,"50-65","Male",-1,64
"1180",1,"50-65","Male",0,52
"1181",1,"> 65","Female",-4,68
"1182",1,"50-65","Female",NA,54
"1183",1,"50-65","Female",2,61
"1184",1,"36-50","Male",0,39
"1185",1,"25-35","Male",-1,34
"1186",1,"> 65","Male",-5,72
"1187",1,"50-65","Female",0,58
"1188",1,"18-24","Male",0,24
"1189",1,"> 65","Female",NA,76
"1190",1,"50-65","Female",-3,62
"1191",1,"> 65","Female",-1,68
"1192",1,"18-24","Male",4,20
"1193",1,"36-50","Female",0,50
"1194",1,"50-65","Female",NA,64
"1195",0,"50-65","Female",3,55
"1196",NA,"50-65","Male",-1,60
"1197",1,"36-50","Male",0,36
"1198",1,"36-50","Female",NA,43
"1199",0,"50-65","Female",NA,60
"1200",1,"> 65","Female",0,70
"1201",0,"25-35","Female",2,30
"1202",0,"25-35","Male",NA,28
"1203",1,"25-35","Male",1,32
"1204",1,"25-35","Male",0,35
"1205",1,"50-65","Male",0,51
"1206",NA,"18-24","Female",NA,18
"1207",NA,"36-50","Female",0,50
"1208",NA,"36-50","Male",2,49
"1209",0,"50-65","Female",NA,62
"1210",0,"36-50","Male",NA,43
"1211",1,"50-65","Female",4,61
"1212",1,"36-50","Female",2,49
"1213",1,"25-35","Male",0,31
"1214",1,"36-50","Female",0,38
"1215",1,"18-24","Female",0,18
"1216",1,"36-50","Female",NA,37
"1217",NA,"25-35","Male",NA,32
"1218",1,"> 65","Female",0,70
"1219",1,"36-50","Female",-2,46
"1220",1,"36-50","Female",NA,38
"1221",1,"36-50","Female",NA,38
"1222",1,"25-35","Female",0,25
"1223",1,"18-24","Male",0,20
"1224",1,"25-35","Male",0,27
"1225",1,"36-50","Female",-3,39
"1226",1,"25-35","Female",NA,32
"1227",1,"25-35","Male",0,33
"1228",1,"18-24","Female",0,24
"1229",1,"36-50","Female",NA,42
"1230",1,"25-35","Female",NA,25
"1231",1,"50-65","Female",NA,60
"1232",1,"18-24","Female",NA,19
"1233",0,"36-50","Male",0,42
"1234",0,"18-24","Male",0,16
"1235",0,"36-50","Male",0,47
"1236",1,"36-50","Male",0,38
"1237",1,"18-24","Female",0,20
"1238",0,"18-24","Male",0,16
"1239",1,"36-50","Female",0,36
"1240",0,"18-24","Male",0,17
"1241",1,"50-65","Female",NA,57
"1242",1,"25-35","Male",0,27
"1243",1,"25-35","Female",NA,34
"1244",1,"18-24","Female",NA,16
"1245",1,"36-50","Male",NA,39
"1246",1,"25-35","Male",NA,30
"1247",1,"> 65","Male",NA,77
"1248",1,"36-50","Female",NA,40
"1249",1,"50-65","Female",0,58
"1250",1,"18-24","Female",NA,21
"1251",1,"18-24","Female",1,17
"1252",NA,"50-65","Female",5,59
"1253",1,"36-50","Female",0,45
"1254",1,"18-24","Male",NA,19
"1255",1,"18-24","Male",0,17
"1256",1,"18-24","Male",0,16
"1257",1,"18-24","Female",-2,24
"1258",1,"36-50","Male",NA,42
"1259",1,"25-35","Male",0,27
"1260",1,"18-24","Female",NA,17
"1261",1,"18-24","Female",NA,18
"1262",1,"18-24","Female",NA,17
"1263",1,"25-35","Male",NA,26
"1264",1,"18-24","Female",0,17
"1265",1,"18-24","Male",NA,15
"1266",1,"36-50","Female",NA,40
"1267",1,"25-35","Female",-1,31
"1268",1,"25-35","Male",0,26
"1269",0,"18-24","Female",0,15
"1270",1,"25-35","Male",NA,28
"1271",1,"50-65","Female",-1,61
"1272",1,"50-65","Female",1,56
"1273",1,"25-35","Female",5,28
"1274",1,"36-50","Female",0,48
"1275",1,"50-65","Female",3,61
"1276",1,"50-65","Female",0,55
"1277",1,"36-50","Male",0,43
"1278",1,"18-24","Male",0,16
"1279",1,"25-35","Male",2,28
"1280",1,"25-35","Male",1,30
"1281",1,"18-24","Male",1,22
"1282",1,"25-35","Female",NA,35
"1283",1,"50-65","Female",NA,51
"1284",1,"50-65","Female",2,51
"1285",NA,"36-50","Female",0,44
"1286",1,"36-50","Female",2,48
"1287",NA,"25-35","Male",0,26
"1288",1,"> 65","Female",NA,79
"1289",1,"50-65","Female",0,51
"1290",1,"50-65","Female",0,56
"1291",1,"18-24","Male",0,24
"1292",1,"50-65","Male",0,53
"1293",1,"36-50","Female",0,44
"1294",1,"50-65","Male",NA,51
"1295",1,"50-65","Female",NA,52
"1296",0,"18-24","Male",0,15
"1297",1,"36-50","Male",0,42
"1298",0,"18-24","Male",1,20
"1299",NA,"50-65","Male",0,53
"1300",1,"36-50","Female",0,43
"1301",1,"36-50","Female",0,38
"1302",1,"36-50","Male",3,50
"1303",1,"25-35","Female",NA,25
"1304",0,"25-35","Female",NA,26
"1305",1,"25-35","Female",1,26
"1306",0,"25-35","Female",NA,26
"1307",1,"25-35","Male",NA,27
"1308",NA,"18-24","Male",NA,23
"1309",1,"25-35","Female",1,25
"1310",1,"36-50","Male",NA,47
"1311",1,"25-35","Male",0,25
"1312",1,"25-35","Female",NA,25
"1313",1,"25-35","Male",NA,25
"1314",0,"36-50","Female",NA,44
"1315",1,"25-35","Female",0,28
"1316",1,"25-35","Female",1,25
"1317",1,"25-35","Female",NA,25
"1318",1,"18-24","Female",NA,24
"1319",1,"18-24","Male",NA,23
"1320",1,"> 65","Female",NA,78
"1321",1,"50-65","Female",NA,64
"1322",1,"25-35","Male",0,29
"1323",1,"25-35","Female",NA,34
"1324",1,"> 65","Female",NA,67
"1325",1,"25-35","Female",NA,35
"1326",NA,"> 65","Female",NA,66
"1327",1,"> 65","Female",NA,66
"1328",1,"> 65","Female",NA,80
"1329",1,"36-50","Male",NA,44
"1330",1,"36-50","Male",0,38
"1331",1,"36-50","Male",0,45
"1332",1,"50-65","Male",-1,54
"1333",1,"> 65","Female",NA,69
"1334",1,"50-65","Female",-1,56
"1335",1,"> 65","Female",1,66
"1336",1,"50-65","Male",0,56
"1337",1,"> 65","Female",NA,74
"1338",1,"> 65","Female",NA,66
"1339",0,"36-50","Male",1,38
"1340",1,"25-35","Female",0,30
"1341",1,"> 65","Female",NA,80
"1342",1,"18-24","Female",NA,23
"1343",1,"25-35","Female",NA,35
"1344",NA,"36-50","Male",NA,36
"1345",0,"25-35","Male",NA,35
"1346",0,"36-50","Male",0,50
"1347",0,"25-35","Male",0,27
"1348",0,"25-35","Male",NA,29
"1349",1,"25-35","Female",NA,30
"1350",1,"36-50","Female",0,50
"1351",1,"50-65","Male",0,60
"1352",1,"36-50","Female",NA,38
"1353",1,"36-50","Female",NA,37
"1354",0,"> 65","Female",NA,75
"1355",0,"36-50","Female",2,50
"1356",1,"25-35","Male",0,25
"1357",1,"25-35","Male",0,29
"1358",0,"36-50","Male",0,37
"1359",1,"36-50","Male",0,42
"1360",1,"36-50","Female",0,39
"1361",1,"36-50","Female",0,44
"1362",1,"> 65","Female",3,70
"1363",NA,"36-50","Male",1,40
"1364",1,"18-24","Female",0,18
"1365",1,"36-50","Female",0,38
"1366",1,"36-50","Female",NA,42
"1367",1,"36-50","Female",1,48
"1368",1,"36-50","Female",0,36
"1369",1,"18-24","Male",0,17
"1370",0,"18-24","Male",0,16
"1371",1,"36-50","Female",0,43
"1372",1,"36-50","Female",NA,47
"1373",1,"25-35","Female",NA,32
"1374",1,"36-50","Male",2,44
"1375",1,"25-35","Male",0,30
"1376",NA,"25-35","Female",0,34
"1377",1,"18-24","Male",NA,23
"1378",0,"36-50","Male",0,41
"1379",1,"50-65","Male",-1,52
"1380",1,"25-35","Female",0,28
"1381",1,"25-35","Male",0,28
"1382",NA,"> 65","Female",0,83
"1383",1,"50-65","Female",0,60
"1384",0,"50-65","Male",NA,57
"1385",0,"> 65","Male",0,74
"1386",1,"50-65","Female",1,58
"1387",NA,"36-50","Female",0,46
"1388",1,"50-65","Female",2,61
"1389",1,"36-50","Female",0,46
"1390",1,"50-65","Male",0,63
"1391",1,"50-65","Female",NA,51
"1392",0,"> 65","Male",0,86
"1393",1,"36-50","Male",-1,42
"1394",NA,"25-35","Male",0,30
"1395",0,"> 65","Male",0,73
"1396",NA,"50-65","Male",NA,62
"1397",NA,"36-50","Male",NA,48
"1398",1,"36-50","Female",NA,42
"1399",1,"36-50","Male",NA,38
"1400",0,"50-65","Female",NA,60
"1401",0,"25-35","Female",NA,26
"1402",0,"50-65","Female",NA,54
"1403",1,"36-50","Female",NA,37
"1404",NA,"36-50","Female",2,40
"1405",NA,"50-65","Female",1,51
"1406",NA,"18-24","Male",NA,18
"1407",0,"36-50","Male",NA,44
"1408",1,"50-65","Female",2,65
"1409",0,"> 65","Female",NA,79
"1410",1,"> 65","Female",NA,70
"1411",1,"25-35","Male",NA,25
"1412",1,"25-35","Male",2,29
"1413",1,"25-35","Male",NA,28
"1414",0,"50-65","Male",2,60
"1415",1,"> 65","Female",1,79
"1416",1,"> 65","Female",1,70
"1417",1,"36-50","Male",1,40
"1418",1,"36-50","Female",NA,41
"1419",1,"> 65","Male",NA,78
"1420",1,"> 65","Male",0,66
"1421",0,"50-65","Male",NA,57
"1422",NA,"25-35","Male",NA,30
"1423",1,"> 65","Male",1,77
"1424",1,"36-50","Male",1,39
"1425",1,"18-24","Female",2,18
"1426",1,"36-50","Male",2,37
"1427",1,"36-50","Female",NA,50
"1428",1,"> 65","Female",NA,82
"1429",1,"50-65","Male",1,65
"1430",1,"> 65","Female",NA,74
"1431",1,"36-50","Male",NA,46
"1432",1,"50-65","Female",0,58
"1433",1,"36-50","Male",0,38
"1434",1,"> 65","Female",NA,77
"1435",1,"25-35","Male",NA,34
"1436",0,"36-50","Male",NA,36
"1437",1,"36-50","Male",0,42
"1438",1,"50-65","Female",NA,61
"1439",1,"50-65","Female",NA,61
"1440",1,"25-35","Female",1,35
"1441",0,"36-50","Female",NA,40
"1442",0,"50-65","Male",NA,59
"1443",1,"25-35","Male",0,28
"1444",0,"> 65","Male",NA,79
"1445",0,"50-65","Male",0,55
"1446",0,"> 65","Female",NA,80
"1447",1,"36-50","Female",0,37
"1448",NA,"36-50","Male",0,41
"1449",0,"25-35","Male",0,34
"1450",1,"50-65","Male",NA,55
"1451",0,"36-50","Female",1,49
"1452",1,"50-65","Female",1,59
"1453",0,"36-50","Male",2,49
"1454",1,"36-50","Female",2,48
"1455",1,"36-50","Female",1,38
"1456",1,"25-35","Male",1,31
"1457",NA,"18-24","Female",1,21
"1458",0,"36-50","Male",1,47
"1459",0,"25-35","Female",0,29
"1460",1,"50-65","Male",3,52
"1461",1,"25-35","Male",0,35
"1462",0,"36-50","Female",NA,50
"1463",1,"36-50","Male",-2,40
"1464",1,"18-24","Male",NA,16
"1465",1,"50-65","Female",-1,55
"1466",0,"25-35","Male",NA,30
"1467",0,"50-65","Female",NA,62
"1468",1,"36-50","Male",0,39
"1469",1,"36-50","Female",NA,39
"1470",1,"50-65","Female",0,58
"1471",1,"> 65","Female",0,73
"1472",1,"25-35","Female",0,30
"1473",1,"36-50","Male",0,38
"1474",1,"> 65","Female",0,70
"1475",1,"25-35","Male",-1,30
"1476",1,"36-50","Male",-1,37
"1477",1,"25-35","Male",0,27
"1478",1,"36-50","Female",0,50
"1479",1,"25-35","Female",0,27
"1480",1,"50-65","Male",0,63
"1481",1,"50-65","Female",0,62
"1482",1,"36-50","Male",0,38
"1483",1,"18-24","Male",0,16
"1484",1,"50-65","Male",0,65
"1485",1,"36-50","Male",0,36
"1486",1,"18-24","Female",0,18
"1487",1,"50-65","Female",-1,58
"1488",1,"50-65","Female",NA,63
"1489",1,"36-50","Male",NA,48
"1490",1,"50-65","Female",-3,59
"1491",1,"> 65","Female",NA,83
"1492",NA,"36-50","Male",NA,37
"1493",1,"> 65","Female",3,67
"1494",1,"50-65","Female",NA,51
"1495",1,"50-65","Male",-4,64
"1496",1,"50-65","Male",NA,59
"1497",1,"36-50","Male",5,37
"1498",0,"18-24","Male",NA,15
"1499",0,"36-50","Male",NA,37
"1500",1,"50-65","Male",0,56
"1501",NA,"25-35","Male",NA,25
"1502",1,"50-65","Female",4,54
"1503",1,"> 65","Female",-3,67
"1504",0,"50-65","Female",5,54
"1505",1,"50-65","Female",0,64
"1506",0,"> 65","Male",NA,78
"1507",1,"50-65","Female",NA,60
"1508",0,"50-65","Male",NA,64
"1509",1,"36-50","Female",1,46
"1510",1,"25-35","Female",0,28
"1511",1,"50-65","Female",NA,53
"1512",1,"50-65","Female",NA,52
"1513",1,"50-65","Male",NA,60
"1514",1,"25-35","Male",2,34
"1515",1,"> 65","Male",NA,67
"1516",1,"50-65","Female",-1,56
"1517",1,"36-50","Male",NA,40
"1518",1,"50-65","Female",NA,63
"1519",1,"36-50","Female",NA,42
"1520",1,"25-35","Male",NA,34
"1521",1,"18-24","Female",0,23
"1522",0,"25-35","Female",NA,29
"1523",1,"50-65","Female",-2,57
"1524",1,"25-35","Male",0,26
"1525",1,"36-50","Male",3,38
"1526",0,"50-65","Male",NA,55
"1527",0,"25-35","Female",1,30
"1528",1,"50-65","Female",1,58
"1529",0,"> 65","Male",NA,72
"1530",0,"18-24","Female",2,24
"1531",0,"50-65","Female",NA,56
"1532",0,"36-50","Male",NA,37
"1533",1,"36-50","Female",0,40
"1534",1,"50-65","Female",0,58
"1535",0,"25-35","Female",NA,30
"1536",1,"> 65","Female",1,66
"1537",0,"50-65","Male",0,54
"1538",0,"36-50","Male",0,36
"1539",0,"36-50","Female",NA,38
"1540",0,"> 65","Female",1,70
"1541",1,"25-35","Female",NA,33
"1542",1,"36-50","Female",NA,41
"1543",1,"18-24","Male",NA,18
"1544",1,"36-50","Female",NA,38
"1545",1,"> 65","Female",NA,70
"1546",NA,"36-50","Female",NA,50
"1547",1,"36-50","Male",NA,40
"1548",1,"18-24","Male",NA,22
"1549",1,"> 65","Male",-1,80
"1550",1,"> 65","Female",0,80
"1551",1,"50-65","Female",NA,63
"1552",1,"36-50","Female",1,38
"1553",1,"25-35","Female",NA,26
"1554",1,"> 65","Female",NA,80
"1555",1,"36-50","Female",-3,41
"1556",1,"36-50","Male",0,49
"1557",1,"36-50","Male",NA,42
"1558",1,"36-50","Male",NA,38
"1559",1,"18-24","Male",-2,21
"1560",1,"25-35","Male",-2,27
"1561",1,"18-24","Female",NA,16
"1562",1,"50-65","Female",-4,65
"1563",1,"18-24","Female",NA,19
"1564",1,"36-50","Male",NA,40
"1565",1,"36-50","Male",-3,43
"1566",1,"36-50","Male",NA,42
"1567",1,"36-50","Female",NA,41
"1568",1,"36-50","Male",-3,40
"1569",1,"> 65","Male",0,67
"1570",1,"18-24","Female",0,15
"1571",1,"50-65","Female",0,52
"1572",1,"36-50","Female",1,43
"1573",1,"36-50","Male",0,41
"1574",0,"25-35","Male",2,32
"1575",1,"18-24","Male",NA,21
"1576",1,"> 65","Female",-3,75
"1577",1,"50-65","Male",2,55
"1578",1,"36-50","Male",-3,49
"1579",1,"> 65","Male",-5,79
"1580",0,"25-35","Male",0,35
"1581",1,"18-24","Male",-2,23
"1582",1,"36-50","Female",NA,42
"1583",1,"36-50","Male",-3,50
"1584",1,"36-50","Female",-2,48
"1585",1,"50-65","Male",-3,60
"1586",1,"36-50","Male",1,50
"1587",1,"> 65","Male",NA,68
"1588",1,"50-65","Female",NA,65
"1589",1,"18-24","Male",NA,18
"1590",1,"50-65","Female",-2,65
"1591",1,"25-35","Male",NA,33
"1592",1,"36-50","Male",-3,47
"1593",0,"18-24","Female",NA,20
"1594",NA,"18-24","Male",NA,15
"1595",1,"> 65","Female",NA,80
"1596",1,"> 65","Female",0,80
"1597",1,"50-65","Female",NA,60
"1598",1,"18-24","Male",NA,20
"1599",1,"18-24","Male",NA,24
"1600",NA,"> 65","Female",0,72
"1601",1,"36-50","Female",0,48
"1602",1,"25-35","Male",NA,25
"1603",1,"> 65","Female",NA,80
"1604",1,"18-24","Male",NA,22
"1605",1,"50-65","Male",NA,62
"1606",NA,"> 65","Female",NA,74
"1607",0,"18-24","Male",0,20
"1608",1,"36-50","Female",0,46
"1609",1,"> 65","Male",NA,74
"1610",1,"50-65","Female",0,60
"1611",1,"25-35","Male",NA,26
"1612",1,"36-50","Male",-4,50
"1613",1,"> 65","Male",0,80
"1614",1,"> 65","Female",-1,77
"1615",1,"50-65","Female",NA,55
"1616",1,"36-50","Male",-4,41
"1617",1,"50-65","Female",0,58
"1618",1,"36-50","Male",0,48
"1619",1,"25-35","Female",NA,33
"1620",1,"36-50","Male",0,38
"1621",1,"25-35","Female",0,30
"1622",1,"36-50","Male",NA,49
"1623",1,"36-50","Female",1,48
"1624",1,"> 65","Female",NA,75
"1625",1,"36-50","Male",0,50
"1626",1,"25-35","Female",NA,34
"1627",1,"36-50","Female",NA,44
"1628",0,"18-24","Male",0,20
"1629",0,"25-35","Female",1,29
"1630",0,"25-35","Female",NA,31
"1631",0,"50-65","Male",-1,61
"1632",1,"25-35","Female",NA,30
"1633",0,"25-35","Female",0,34
"1634",0,"25-35","Male",0,30
"1635",0,"> 65","Male",-1,76
"1636",NA,"36-50","Female",1,38
"1637",0,"18-24","Male",1,20
"1638",0,"25-35","Male",-2,26
"1639",0,"25-35","Female",1,27
"1640",0,"25-35","Male",1,34
"1641",1,"> 65","Male",0,67
"1642",0,"> 65","Male",-2,70
"1643",1,"> 65","Female",4,80
"1644",1,"36-50","Male",0,41
"1645",1,"> 65","Male",4,88
"1646",0,"36-50","Male",2,36
"1647",NA,"50-65","Male",2,52
"1648",0,"36-50","Male",NA,44
"1649",1,"25-35","Male",NA,31
"1650",0,"36-50","Male",NA,46
"1651",1,"50-65","Male",0,52
"1652",1,"25-35","Male",-3,26
"1653",1,"36-50","Female",4,40
"1654",1,"25-35","Female",4,33
"1655",NA,"50-65","Female",0,51
"1656",NA,"50-65","Female",0,55
"1657",NA,"36-50","Female",0,43
"1658",NA,"36-50","Male",2,46
"1659",1,"25-35","Male",NA,25
"1660",0,"25-35","Male",NA,35
"1661",1,"25-35","Male",0,34
"1662",0,"50-65","Male",0,60
"1663",0,"50-65","Male",NA,56
"1664",0,"50-65","Male",-5,54
"1665",NA,"36-50","Male",-1,47
"1666",1,"25-35","Female",-2,35
"1667",1,"25-35","Female",NA,26
"1668",1,"25-35","Female",NA,27
"1669",NA,"25-35","Female",-3,27
"1670",1,"25-35","Male",1,28
"1671",1,"25-35","Female",NA,30
"1672",1,"25-35","Male",0,28
"1673",1,"50-65","Female",NA,55
"1674",1,"25-35","Male",0,32
"1675",1,"25-35","Male",NA,26
"1676",1,"50-65","Female",NA,56
"1677",1,"25-35","Female",NA,26
"1678",1,"36-50","Female",0,40
"1679",0,"36-50","Female",NA,39
"1680",0,"25-35","Female",0,28
"1681",0,"> 65","Female",NA,69
"1682",1,"36-50","Female",0,46
"1683",1,"> 65","Male",-2,66
"1684",0,"36-50","Female",0,45
"1685",0,"18-24","Female",NA,17
"1686",NA,"50-65","Female",3,65
"1687",1,"50-65","Female",2,59
"1688",1,"25-35","Female",NA,31
"1689",1,"50-65","Female",5,63
"1690",1,"50-65","Male",NA,56
"1691",1,"50-65","Female",3,62
"1692",NA,"25-35","Female",NA,31
"1693",1,"36-50","Female",2,40
"1694",0,"18-24","Female",1,15
"1695",1,"> 65","Female",2,67
"1696",1,"> 65","Male",NA,72
"1697",1,"36-50","Female",NA,45
"1698",1,"36-50","Female",0,50
"1699",1,"36-50","Female",NA,40
"1700",1,"36-50","Female",NA,40
"1701",1,"25-35","Male",NA,33
"1702",1,"25-35","Male",NA,32
"1703",1,"> 65","Female",NA,74
"1704",0,"> 65","Female",NA,66
"1705",1,"> 65","Male",-3,66
"1706",1,"36-50","Female",NA,40
"1707",NA,"> 65","Female",NA,67
"1708",NA,"50-65","Female",0,62
"1709",1,"> 65","Male",3,75
"1710",0,"18-24","Male",2,18
"1711",0,"36-50","Male",2,38
"1712",1,"> 65","Female",0,79
"1713",1,"> 65","Female",NA,80
"1714",NA,"50-65","Male",NA,62
"1715",NA,"50-65","Female",2,64
"1716",1,"50-65","Female",1,64
"1717",NA,"18-24","Male",NA,22
"1718",1,"36-50","Female",3,40
"1719",1,"18-24","Male",-3,24
"1720",1,"36-50","Male",0,38
"1721",NA,"> 65","Female",-4,79
"1722",1,"> 65","Male",-4,81
"1723",1,"36-50","Male",-1,36
"1724",1,"36-50","Male",-2,37
"1725",1,"25-35","Male",-2,33
"1726",0,"18-24","Male",-1,20
"1727",1,"18-24","Female",NA,19
"1728",1,"36-50","Female",-3,41
"1729",1,"25-35","Male",2,29
"1730",0,"50-65","Female",5,55
"1731",1,"36-50","Female",2,50
"1732",1,"50-65","Female",NA,56
"1733",1,"25-35","Female",0,27
"1734",1,"25-35","Female",NA,29
"1735",1,"18-24","Male",0,21
"1736",1,"36-50","Female",2,50
"1737",1,"> 65","Female",0,78
"1738",1,"25-35","Male",0,26
"1739",0,"25-35","Male",-1,28
"1740",1,"> 65","Female",-1,75
"1741",1,"50-65","Female",2,63
"1742",1,"36-50","Female",NA,42
"1743",1,"25-35","Male",0,28
"1744",1,"25-35","Female",0,27
"1745",1,"36-50","Male",0,49
"1746",1,"50-65","Female",-1,58
"1747",1,"25-35","Female",NA,29
"1748",1,"36-50","Male",0,41
"1749",1,"25-35","Female",NA,27
"1750",1,"25-35","Female",0,28
"1751",1,"25-35","Female",0,28
"1752",0,"> 65","Male",0,66
"1753",0,"50-65","Female",NA,58
"1754",1,"36-50","Male",NA,36
"1755",1,"36-50","Female",-2,39
"1756",1,"25-35","Male",0,31
"1757",1,"> 65","Female",0,74
"1758",1,"36-50","Female",NA,36
"1759",NA,"18-24","Female",NA,17
"1760",1,"36-50","Male",0,42
"1761",0,"> 65","Female",0,68
"1762",NA,"36-50","Female",NA,39
"1763",NA,"36-50","Male",-2,41
"1764",NA,"> 65","Male",-1,77
"1765",NA,"36-50","Male",0,44
"1766",0,"18-24","Female",-2,17
"1767",0,"> 65","Male",NA,66
"1768",NA,"36-50","Male",NA,42
"1769",1,"36-50","Male",0,42
"1770",1,"50-65","Female",NA,64
"1771",NA,"36-50","Male",NA,40
"1772",1,"36-50","Female",0,50
"1773",1,"50-65","Female",NA,60
"1774",0,"36-50","Female",0,48
"1775",1,"50-65","Female",NA,59
"1776",0,"25-35","Male",NA,25
"1777",1,"> 65","Female",-2,71
"1778",1,"> 65","Female",NA,66
"1779",0,"36-50","Female",2,37
"1780",0,"18-24","Male",2,22
"1781",1,"18-24","Male",-2,23
"1782",0,"18-24","Male",-2,22
"1783",0,"36-50","Female",2,40
"1784",1,"50-65","Female",0,62
"1785",0,"36-50","Male",3,38
"1786",1,"36-50","Female",3,46
"1787",1,"25-35","Female",4,30
"1788",1,"25-35","Male",NA,27
"1789",0,"> 65","Male",-3,70
"1790",1,"25-35","Male",-4,30
"1791",0,"25-35","Female",2,27
"1792",0,"18-24","Male",-4,24
"1793",0,"25-35","Female",3,34
"1794",0,"> 65","Male",-2,77
"1795",1,"50-65","Female",0,65
"1796",1,"50-65","Female",0,55
"1797",0,"36-50","Female",-5,46
"1798",1,"36-50","Male",4,41
"1799",1,"25-35","Female",NA,30
"1800",1,"25-35","Female",NA,35
"1801",1,"36-50","Female",NA,44
"1802",0,"36-50","Female",-2,36
"1803",1,"50-65","Female",NA,54
"1804",1,"36-50","Male",-2,50
"1805",1,"50-65","Male",0,58
"1806",0,"18-24","Female",NA,18
"1807",0,"36-50","Female",NA,36
"1808",0,"50-65","Male",3,54
"1809",1,"18-24","Female",NA,24
"1810",1,"36-50","Female",1,50
"1811",0,"50-65","Female",-1,55
"1812",1,"36-50","Female",5,43
"1813",1,"36-50","Female",-1,45
"1814",0,"18-24","Male",0,20
"1815",0,"18-24","Male",NA,24
"1816",NA,"25-35","Male",-1,25
"1817",NA,"25-35","Male",NA,30
"1818",1,"36-50","Male",NA,38
"1819",0,"18-24","Male",-2,22
"1820",1,"50-65","Female",0,52
"1821",1,"50-65","Male",NA,63
"1822",0,"36-50","Male",0,36
"1823",1,"25-35","Male",0,29
"1824",1,"36-50","Female",0,41
"1825",0,"25-35","Male",0,29
"1826",0,"18-24","Female",0,22
"1827",0,"> 65","Male",NA,73
"1828",1,"36-50","Female",0,49
"1829",1,"25-35","Female",0,35
"1830",0,"36-50","Male",0,36
"1831",1,"25-35","Female",0,28
"1832",0,"50-65","Female",NA,58
"1833",1,"36-50","Male",NA,45
"1834",1,"> 65","Male",NA,70
"1835",1,"> 65","Female",NA,67
"1836",1,"25-35","Female",0,27
"1837",0,"36-50","Female",NA,49
"1838",1,"> 65","Female",-1,75
"1839",1,"36-50","Male",0,39
"1840",1,"18-24","Male",0,22
"1841",1,"25-35","Male",0,25
"1842",1,"36-50","Female",NA,50
"1843",1,"50-65","Female",NA,57
"1844",1,"36-50","Female",-1,46
"1845",1,"50-65","Female",NA,61
"1846",1,"18-24","Male",0,20
"1847",1,"> 65","Female",0,79
"1848",1,"> 65","Female",-1,70
"1849",1,"36-50","Female",NA,42
"1850",1,"50-65","Male",NA,63
"1851",1,"> 65","Male",0,67
"1852",1,"50-65","Female",-1,59
"1853",1,"50-65","Female",NA,60
"1854",1,"18-24","Male",NA,19
"1855",1,"18-24","Female",4,18
"1856",1,"18-24","Male",0,17
"1857",1,"36-50","Female",0,36
"1858",1,"> 65","Female",0,66
"1859",1,"36-50","Male",0,39
"1860",1,"36-50","Male",-1,49
"1861",1,"36-50","Female",3,42
"1862",1,"36-50","Female",NA,41
"1863",1,"36-50","Male",0,43
"1864",0,"50-65","Female",-2,54
"1865",1,"18-24","Female",-1,17
"1866",NA,"> 65","Female",0,70
"1867",1,"> 65","Female",0,67
"1868",1,"25-35","Female",0,32
"1869",1,"50-65","Female",0,56
"1870",1,"36-50","Male",0,36
"1871",1,"> 65","Female",0,69
"1872",1,"25-35","Male",NA,32
"1873",1,"25-35","Male",NA,31
"1874",1,"50-65","Female",0,51
"1875",1,"36-50","Male",0,50
"1876",1,"36-50","Male",NA,39
"1877",1,"25-35","Male",NA,28
"1878",1,"36-50","Female",0,41
"1879",1,"36-50","Female",NA,47
"1880",1,"50-65","Male",NA,52
"1881",1,"> 65","Female",NA,75
"1882",1,"> 65","Female",0,68
"1883",1,"50-65","Female",0,54
"1884",0,"25-35","Female",2,31
"1885",1,"18-24","Male",-4,24
"1886",1,"36-50","Female",-1,37
"1887",1,"18-24","Male",-1,22
"1888",1,"25-35","Male",0,33
"1889",NA,"25-35","Female",3,31
"1890",0,"18-24","Male",NA,23
"1891",0,"25-35","Female",0,26
"1892",1,"25-35","Female",1,27
"1893",1,"25-35","Male",2,35
"1894",1,"25-35","Male",1,35
"1895",0,"25-35","Female",-1,32
"1896",1,"18-24","Male",NA,22
"1897",0,"18-24","Male",NA,20
"1898",1,"18-24","Male",1,23
"1899",1,"> 65","Female",-1,66
"1900",1,"36-50","Female",NA,36
"1901",1,"36-50","Female",5,43
"1902",1,"25-35","Male",5,30
"1903",1,"18-24","Female",-1,24
"1904",1,"25-35","Male",-1,28
"1905",0,"18-24","Female",-3,24
"1906",1,"18-24","Female",NA,21
"1907",1,"18-24","Female",NA,24
"1908",0,"18-24","Female",NA,24
"1909",1,"36-50","Female",NA,49
"1910",0,"25-35","Female",NA,26
"1911",1,"18-24","Female",NA,24
"1912",NA,"25-35","Male",NA,25
"1913",1,"25-35","Female",-2,25
"1914",1,"25-35","Female",NA,25
"1915",1,"25-35","Female",NA,26
"1916",1,"25-35","Female",NA,25
"1917",NA,"25-35","Female",NA,25
"1918",NA,"18-24","Male",-3,24
"1919",1,"50-65","Female",0,59
"1920",1,"50-65","Female",0,59
"1921",1,"> 65","Female",2,66
"1922",1,"50-65","Female",NA,57
"1923",1,"> 65","Female",0,73
"1924",1,"> 65","Female",0,69
"1925",1,"> 65","Female",0,69
"1926",1,"50-65","Female",0,57
"1927",1,"50-65","Female",NA,62
"1928",1,"50-65","Female",NA,62
"1929",1,"36-50","Male",NA,40
"1930",1,"36-50","Female",NA,36
"1931",1,"50-65","Male",1,57
"1932",1,"50-65","Female",0,57
"1933",1,"50-65","Female",0,59
"1934",1,"36-50","Female",NA,36
"1935",1,"50-65","Female",NA,59
"1936",1,"36-50","Female",NA,49
"1937",0,"18-24","Male",-2,21
"1938",1,"50-65","Female",NA,63
"1939",1,"25-35","Female",NA,29
"1940",0,"25-35","Female",0,27
"1941",1,"25-35","Male",-5,33
"1942",1,"25-35","Male",0,31
"1943",1,"25-35","Male",-2,25
"1944",1,"18-24","Female",0,24
"1945",1,"25-35","Female",0,25
"1946",1,"36-50","Female",-2,41
"1947",1,"25-35","Female",3,29
"1948",0,"36-50","Male",0,36
"1949",0,"36-50","Female",-3,37
"1950",NA,"36-50","Female",-5,41
"1951",0,"25-35","Female",NA,25
"1952",1,"25-35","Female",NA,27
"1953",1,"36-50","Female",NA,38
"1954",1,"18-24","Female",NA,24
"1955",1,"25-35","Male",NA,28
"1956",1,"36-50","Female",0,46
"1957",1,"36-50","Male",NA,37
"1958",1,"50-65","Female",NA,55
"1959",1,"50-65","Male",NA,62
"1960",1,"18-24","Male",NA,20
"1961",1,"36-50","Male",0,46
"1962",1,"50-65","Female",-1,60
"1963",1,"25-35","Female",NA,30
"1964",1,"36-50","Female",-2,49
"1965",1,"> 65","Female",-2,68
"1966",1,"50-65","Female",-3,64
"1967",1,"18-24","Male",0,24
"1968",1,"18-24","Female",NA,23
"1969",1,"36-50","Female",NA,40
"1970",1,"25-35","Male",NA,29
"1971",1,"25-35","Male",NA,26
"1972",1,"> 65","Female",NA,71
"1973",1,"36-50","Male",NA,37
"1974",1,"36-50","Male",NA,46
"1975",1,"> 65","Female",0,69
"1976",1,"25-35","Female",NA,25
"1977",1,"50-65","Female",2,58
"1978",1,"> 65","Male",-1,89
"1979",NA,"36-50","Female",3,37
"1980",1,"36-50","Male",1,37
"1981",1,"> 65","Female",0,76
"1982",1,"> 65","Male",0,73
"1983",NA,"36-50","Male",NA,44
"1984",NA,"36-50","Female",3,48
"1985",NA,"36-50","Female",0,43
"1986",NA,"> 65","Male",NA,66
"1987",1,"36-50","Female",NA,49
"1988",1,"> 65","Female",NA,68
"1989",NA,"> 65","Female",NA,70
"1990",1,"36-50","Female",NA,48
"1991",1,"> 65","Female",-5,73
"1992",1,"> 65","Male",NA,66
"1993",NA,"> 65","Female",0,83
"1994",NA,"18-24","Male",0,23
"1995",1,"> 65","Male",-4,78
"1996",NA,"36-50","Male",NA,44
"1997",NA,"50-65","Female",NA,55
"1998",0,"50-65","Female",-5,63
"1999",NA,"50-65","Male",0,55
"2000",1,"50-65","Female",2,65
"2001",1,"> 65","Male",NA,86
"2002",1,"> 65","Male",NA,69
"2003",0,"> 65","Female",NA,72
"2004",NA,"50-65","Male",0,62
"2005",1,"50-65","Male",0,61
"2006",0,"36-50","Female",-2,37
"2007",1,"50-65","Male",0,52
"2008",1,"> 65","Male",0,66
"2009",1,"25-35","Female",1,32
"2010",1,"18-24","Male",1,19
"2011",1,"25-35","Female",0,25
"2012",1,"18-24","Male",0,16
"2013",1,"50-65","Female",NA,63
"2014",1,"50-65","Female",NA,51
"2015",1,"50-65","Female",0,60
"2016",NA,"50-65","Female",NA,63
"2017",1,"50-65","Female",NA,62
"2018",1,"50-65","Female",NA,55
"2019",1,"36-50","Male",NA,36
"2020",1,"18-24","Female",0,24
"2021",1,"50-65","Female",NA,57
"2022",1,"25-35","Female",0,29
"2023",NA,"50-65","Female",NA,58
"2024",1,"18-24","Female",NA,19
"2025",1,"18-24","Female",0,21
"2026",1,"50-65","Male",NA,55
"2027",1,"50-65","Female",NA,59
"2028",1,"> 65","Female",0,73
"2029",1,"> 65","Female",0,69
"2030",1,"50-65","Male",0,63
"2031",1,"25-35","Male",0,33
"2032",1,"25-35","Male",5,31
"2033",1,"50-65","Female",0,63
"2034",1,"50-65","Female",3,56
"2035",1,"> 65","Male",-5,73
"2036",1,"50-65","Female",2,59
"2037",1,"18-24","Male",0,23
"2038",1,"36-50","Female",5,43
"2039",1,"50-65","Female",0,59
"2040",1,"50-65","Female",0,59
"2041",0,"> 65","Female",2,67
"2042",0,"50-65","Female",1,54
"2043",1,"> 65","Female",0,72
"2044",1,"50-65","Male",0,61
"2045",1,"50-65","Female",0,57
"2046",1,"36-50","Female",0,44
"2047",1,"25-35","Male",0,27
"2048",1,"> 65","Female",NA,69
"2049",1,"25-35","Male",0,28
"2050",1,"36-50","Male",-1,39
"2051",1,"36-50","Female",NA,47
"2052",1,"36-50","Male",1,46
"2053",1,"25-35","Female",0,35
"2054",1,"25-35","Male",0,28
"2055",1,"25-35","Male",NA,28
"2056",0,"36-50","Female",0,50
"2057",1,"36-50","Female",0,47
"2058",NA,"36-50","Male",NA,50
"2059",1,"18-24","Female",NA,24
"2060",0,"50-65","Female",NA,58
"2061",1,"18-24","Female",0,24
"2062",1,"50-65","Female",0,59
"2063",1,"25-35","Male",1,34
"2064",1,"25-35","Female",1,32
"2065",1,"25-35","Female",2,30
"2066",1,"25-35","Male",-1,31
"2067",1,"18-24","Male",0,24
"2068",1,"25-35","Female",NA,29
"2069",1,"25-35","Male",1,28
"2070",NA,"25-35","Female",-2,32
"2071",1,"25-35","Female",0,30
"2072",1,"36-50","Female",0,49
"2073",1,"36-50","Female",1,37
"2074",1,"36-50","Female",0,46
"2075",0,"25-35","Male",0,29
"2076",0,"36-50","Female",0,42
"2077",1,"36-50","Male",NA,46
"2078",1,"25-35","Female",0,31
"2079",0,"25-35","Male",NA,35
"2080",NA,"25-35","Male",NA,30
"2081",0,"18-24","Male",0,22
"2082",0,"25-35","Male",2,25
"2083",1,"25-35","Female",NA,25
"2084",0,"18-24","Female",0,20
"2085",0,"25-35","Female",0,29
"2086",0,"25-35","Female",0,34
"2087",0,"25-35","Male",0,32
"2088",1,"25-35","Male",2,27
"2089",1,"18-24","Male",0,22
"2090",1,"36-50","Male",0,45
"2091",1,"25-35","Male",0,30
"2092",1,"36-50","Male",-2,36
"2093",1,"25-35","Male",NA,31
"2094",1,"18-24","Female",NA,19
"2095",1,"50-65","Male",NA,54
"2096",NA,"18-24","Male",NA,22
"2097",1,"18-24","Female",2,21
"2098",1,"25-35","Female",2,28
"2099",1,"36-50","Female",NA,44
"2100",1,"25-35","Female",2,26
"2101",1,"> 65","Female",0,85
"2102",1,"50-65","Male",-5,65
"2103",1,"36-50","Female",-2,47
"2104",1,"36-50","Female",0,40
"2105",1,"50-65","Female",2,65
"2106",1,"50-65","Female",3,58
"2107",1,"> 65","Male",-1,67
"2108",1,"36-50","Male",-3,43
"2109",1,"25-35","Male",0,30
"2110",0,"36-50","Female",0,39
"2111",1,"25-35","Female",NA,27
"2112",1,"25-35","Male",NA,27
"2113",1,"> 65","Female",NA,73
"2114",1,"50-65","Female",5,52
"2115",NA,"50-65","Male",-5,63
"2116",1,"36-50","Male",NA,46
"2117",1,"36-50","Female",NA,36
"2118",1,"50-65","Female",-5,57
"2119",1,"50-65","Female",0,64
"2120",1,"18-24","Male",NA,22
"2121",1,"> 65","Female",NA,83
"2122",1,"25-35","Male",NA,31
"2123",1,"> 65","Female",NA,76
"2124",1,"36-50","Female",0,46
"2125",1,"18-24","Male",NA,22
"2126",1,"36-50","Female",0,40
"2127",1,"50-65","Female",NA,52
"2128",1,"> 65","Male",0,69
"2129",1,"> 65","Female",0,68
"2130",0,"18-24","Male",0,21
"2131",0,"18-24","Female",NA,17
"2132",1,"50-65","Female",NA,55
"2133",1,"50-65","Female",NA,65
"2134",1,"25-35","Male",NA,34
"2135",1,"50-65","Female",NA,55
"2136",1,"50-65","Female",NA,59
"2137",1,"25-35","Male",NA,26
"2138",1,"> 65","Female",NA,76
"2139",1,"50-65","Female",-2,53
"2140",1,"50-65","Female",0,65
"2141",1,"36-50","Male",NA,43
"2142",0,"36-50","Female",0,45
"2143",1,"> 65","Female",NA,71
"2144",1,"50-65","Female",-1,55
"2145",1,"18-24","Male",NA,18
"2146",1,"25-35","Female",NA,33
"2147",1,"25-35","Female",NA,34
"2148",1,"50-65","Female",1,57
"2149",1,"50-65","Male",NA,55
"2150",1,"50-65","Female",0,64
"2151",1,"50-65","Male",NA,56
"2152",1,"36-50","Female",NA,38
"2153",1,"> 65","Female",2,71
"2154",1,"36-50","Male",NA,41
"2155",1,"25-35","Female",NA,30
"2156",0,"36-50","Male",2,43
"2157",1,"> 65","Male",NA,74
"2158",0,"25-35","Female",2,34
"2159",1,"25-35","Male",NA,32
"2160",1,"25-35","Female",0,29
"2161",1,"25-35","Male",NA,29
"2162",1,"> 65","Female",2,72
"2163",0,"25-35","Male",4,30
"2164",1,"25-35","Male",2,30
"2165",1,"25-35","Female",-2,31
"2166",1,"25-35","Male",1,30
"2167",1,"25-35","Female",0,26
"2168",1,"36-50","Male",0,39
"2169",1,"50-65","Male",0,65
"2170",1,"18-24","Male",0,18
"2171",1,"36-50","Female",0,36
"2172",1,"25-35","Male",-1,27
"2173",1,"> 65","Female",0,76
"2174",1,"50-65","Male",NA,52
"2175",1,"> 65","Female",0,81
"2176",1,"36-50","Male",0,36
"2177",1,"50-65","Female",NA,61
"2178",1,"18-24","Female",3,23
"2179",1,"> 65","Female",NA,76
"2180",1,"50-65","Female",NA,62
"2181",1,"50-65","Female",NA,56
"2182",1,"25-35","Male",2,28
"2183",1,"50-65","Female",3,59
"2184",0,"36-50","Male",NA,45
"2185",NA,"25-35","Male",NA,27
"2186",1,"25-35","Female",5,32
"2187",1,"> 65","Female",NA,79
"2188",1,"> 65","Female",0,67
"2189",1,"36-50","Female",0,46
"2190",1,"18-24","Male",0,16
"2191",1,"36-50","Female",0,46
"2192",1,"25-35","Male",0,27
"2193",1,"50-65","Male",0,61
"2194",1,"25-35","Male",NA,34
"2195",1,"50-65","Male",-1,59
"2196",1,"50-65","Male",-1,54
"2197",1,"50-65","Male",-1,65
"2198",0,"50-65","Female",5,60
"2199",NA,"50-65","Female",-1,56
"2200",1,"25-35","Female",5,29
"2201",1,"> 65","Female",NA,82
"2202",NA,"50-65","Female",NA,59
"2203",1,"36-50","Male",NA,37
"2204",1,"50-65","Female",NA,59
"2205",1,"25-35","Female",5,34
"2206",1,"36-50","Female",NA,49
"2207",1,"> 65","Female",5,77
"2208",1,"50-65","Female",0,56
"2209",1,"25-35","Female",NA,32
"2210",NA,"> 65","Female",2,84
"2211",1,"18-24","Female",NA,24
"2212",1,"25-35","Female",NA,32
"2213",1,"50-65","Female",0,52
"2214",NA,"50-65","Male",NA,58
"2215",NA,"> 65","Female",-3,83
"2216",1,"50-65","Female",1,63
"2217",1,"> 65","Female",NA,68
"2218",1,"18-24","Male",5,20
"2219",1,"> 65","Male",NA,69
"2220",1,"50-65","Male",NA,56
"2221",1,"50-65","Female",1,57
"2222",1,"50-65","Male",NA,60
"2223",1,"36-50","Male",NA,36
"2224",1,"25-35","Female",NA,30
"2225",1,"50-65","Female",0,65
"2226",1,"50-65","Female",NA,59
"2227",1,"> 65","Female",2,73
"2228",1,"> 65","Female",1,67
"2229",0,"50-65","Male",-4,65
"2230",1,"18-24","Male",NA,16
"2231",1,"25-35","Female",NA,34
"2232",1,"> 65","Female",1,67
"2233",0,"36-50","Female",NA,40
"2234",1,"50-65","Female",2,57
"2235",0,"25-35","Female",NA,26
"2236",1,"25-35","Male",1,30
"2237",1,"> 65","Female",NA,77
"2238",1,"> 65","Female",NA,67
"2239",1,"25-35","Female",NA,35
"2240",1,"50-65","Female",0,65
"2241",1,"50-65","Male",3,65
"2242",1,"50-65","Female",2,62
"2243",1,"36-50","Female",0,37
"2244",1,"25-35","Female",-3,35
"2245",1,"25-35","Male",-1,29
"2246",1,"50-65","Male",-5,62
"2247",1,"> 65","Male",-5,78
"2248",1,"> 65","Female",NA,67
"2249",1,"25-35","Male",0,29
"2250",1,"25-35","Female",1,33
"2251",1,"50-65","Female",1,60
"2252",1,"50-65","Male",NA,63
"2253",1,"50-65","Male",-2,64
"2254",1,"25-35","Female",-5,33
"2255",1,"> 65","Female",3,72
"2256",0,"25-35","Female",0,29
"2257",1,"50-65","Female",0,62
"2258",1,"18-24","Female",5,23
"2259",1,"50-65","Female",NA,56
"2260",1,"18-24","Male",1,20
"2261",1,"> 65","Female",3,76
"2262",1,"25-35","Male",NA,35
"2263",1,"25-35","Female",NA,25
"2264",1,"36-50","Female",-2,46
"2265",1,"> 65","Male",0,67
"2266",1,"50-65","Male",5,54
"2267",0,"25-35","Male",NA,32
"2268",1,"36-50","Male",NA,36
"2269",1,"36-50","Female",NA,39
"2270",0,"50-65","Female",5,65
"2271",NA,"36-50","Male",NA,50
"2272",1,"25-35","Female",NA,28
"2273",1,"50-65","Female",NA,63
"2274",1,"> 65","Female",5,74
"2275",1,"> 65","Male",5,67
"2276",1,"50-65","Male",NA,61
"2277",1,"36-50","Female",-5,37
"2278",0,"36-50","Male",-5,43
"2279",1,"25-35","Female",3,27
"2280",0,"18-24","Female",NA,23
"2281",1,"36-50","Female",NA,48
"2282",1,"50-65","Female",-3,62
"2283",0,"36-50","Female",NA,46
"2284",1,"36-50","Female",-5,39
"2285",1,"36-50","Female",0,36
"2286",1,"25-35","Male",1,31
"2287",NA,"25-35","Female",0,29
"2288",0,"50-65","Female",5,56
"2289",1,"50-65","Female",NA,63
"2290",1,"36-50","Female",0,39
"2291",1,"36-50","Female",0,44
"2292",0,"50-65","Male",2,54
"2293",1,"25-35","Male",5,30
"2294",1,"25-35","Male",5,32
"2295",1,"36-50","Male",NA,49
"2296",1,"25-35","Male",2,33
"2297",0,"36-50","Female",NA,42
"2298",1,"50-65","Female",0,52
"2299",1,"25-35","Male",0,33
"2300",1,"36-50","Male",0,44
"2301",1,"36-50","Female",NA,46
"2302",NA,"> 65","Female",NA,76
"2303",1,"25-35","Female",NA,35
"2304",1,"50-65","Female",NA,63
"2305",1,"36-50","Female",NA,40
"2306",0,"25-35","Female",0,33
"2307",1,"36-50","Male",NA,39
"2308",1,"36-50","Female",NA,40
"2309",1,"> 65","Female",NA,85
"2310",NA,"> 65","Female",NA,83
"2311",1,"36-50","Male",0,46
"2312",NA,"36-50","Male",NA,49
"2313",1,"50-65","Male",-3,59
"2314",1,"25-35","Male",1,26
"2315",1,"50-65","Female",-2,56
"2316",0,"36-50","Male",0,39
"2317",1,"18-24","Female",1,22
"2318",1,"18-24","Female",NA,21
"2319",1,"> 65","Female",NA,69
"2320",1,"50-65","Male",0,58
"2321",1,"> 65","Male",-2,73
"2322",1,"18-24","Male",NA,24
"2323",1,"25-35","Male",-2,33
"2324",0,"25-35","Male",-4,33
"2325",1,"36-50","Female",5,39
"2326",1,"25-35","Female",-4,34
"2327",1,"36-50","Male",0,36
"2328",0,"25-35","Male",0,31
"2329",1,"18-24","Female",-4,23
"2330",1,"25-35","Male",NA,26
"2331",1,"36-50","Male",NA,36
"2332",1,"36-50","Female",NA,40
"2333",1,"25-35","Male",2,30
"2334",1,"18-24","Female",NA,20
"2335",1,"18-24","Male",NA,15
"2336",1,"36-50","Female",1,40
"2337",1,"36-50","Male",NA,46
"2338",1,"18-24","Female",NA,22
"2339",1,"18-24","Female",NA,22
"2340",0,"18-24","Male",0,23
"2341",1,"36-50","Female",0,50
"2342",1,"25-35","Male",5,29
"2343",0,"> 65","Female",0,71
"2344",0,"> 65","Male",NA,89
"2345",0,"18-24","Male",2,17
"2346",0,"50-65","Female",NA,63
"2347",1,"36-50","Female",0,50
"2348",0,"36-50","Male",5,40
"2349",0,"50-65","Male",0,58
"2350",1,"> 65","Female",5,67
"2351",1,"50-65","Male",5,57
"2352",1,"> 65","Female",5,69
"2353",1,"50-65","Male",0,55
"2354",1,"50-65","Female",0,53
"2355",1,"36-50","Female",0,49
"2356",0,"25-35","Male",5,31
"2357",1,"50-65","Female",3,57
"2358",1,"> 65","Male",0,77
"2359",0,"18-24","Male",-1,22
"2360",1,"18-24","Female",1,23
"2361",1,"36-50","Male",1,47
"2362",1,"18-24","Female",-3,20
"2363",1,"25-35","Female",-2,33
"2364",1,"50-65","Male",0,51
"2365",1,"25-35","Male",NA,29
"2366",1,"25-35","Female",NA,28
"2367",1,"36-50","Female",NA,43
"2368",1,"25-35","Male",NA,27
"2369",1,"50-65","Female",NA,65
"2370",1,"25-35","Female",-5,32
"2371",1,"> 65","Male",-2,66
"2372",0,"18-24","Female",-1,22
"2373",1,"18-24","Male",0,23
"2374",1,"18-24","Female",0,20
"2375",1,"36-50","Male",0,39
"2376",0,"18-24","Male",-2,20
"2377",1,"25-35","Male",0,26
"2378",1,"18-24","Male",0,22
"2379",1,"25-35","Male",0,25
"2380",1,"25-35","Female",-5,26
"2381",1,"> 65","Female",0,67
"2382",1,"> 65","Female",-1,71
"2383",NA,"25-35","Female",0,26
"2384",NA,"50-65","Female",0,60
"2385",1,"36-50","Male",-1,40
"2386",0,"25-35","Male",0,33
"2387",1,"> 65","Female",NA,67
"2388",1,"> 65","Female",NA,69
"2389",1,"> 65","Female",NA,82
"2390",1,"50-65","Female",2,56
"2391",1,"> 65","Male",0,72
"2392",1,"36-50","Female",NA,48
"2393",1,"18-24","Male",5,24
"2394",1,"50-65","Male",0,55
"2395",1,"36-50","Male",0,39
"2396",1,"> 65","Female",-5,83
"2397",1,"50-65","Female",-5,58
"2398",1,"25-35","Female",NA,32
"2399",0,"36-50","Female",5,39
"2400",1,"36-50","Female",-5,39
"2401",1,"36-50","Male",-5,39
"2402",1,"36-50","Female",-5,47
"2403",1,"50-65","Female",0,64
"2404",1,"> 65","Female",-5,68
"2405",1,"36-50","Female",NA,42
"2406",1,"36-50","Male",-3,38
"2407",1,"50-65","Male",-1,52
"2408",1,"50-65","Female",0,62
"2409",1,"50-65","Female",NA,55
"2410",1,"25-35","Male",NA,32
"2411",1,"36-50","Male",NA,36
"2412",1,"50-65","Male",NA,51
"2413",1,"18-24","Male",NA,23
"2414",1,"36-50","Male",NA,39
"2415",1,"36-50","Male",4,47
"2416",1,"18-24","Male",NA,24
"2417",1,"36-50","Female",NA,43
"2418",0,"36-50","Female",NA,38
"2419",1,"50-65","Female",3,57
"2420",1,"36-50","Female",2,48
"2421",1,"25-35","Male",NA,31
"2422",1,"50-65","Female",NA,60
"2423",0,"50-65","Female",NA,64
"2424",NA,"18-24","Male",NA,24
"2425",0,"50-65","Male",NA,61
"2426",0,"18-24","Female",-4,23
"2427",1,"25-35","Male",-5,27
"2428",1,"25-35","Female",-2,29
"2429",0,"25-35","Male",-2,25
"2430",NA,"36-50","Male",NA,36
