"","RESEMAVAL","V23","V250","V238","index","income","gndr","age","educf"
"1201","0.653704","9","Yes","Lower middle class",6,7,"Female",10,NA
"1202","0.551296","9","Yes","Lower middle class",NA,NA,"Male",7,NA
"1203","0.77463","8","Yes","Lower middle class",5,8,"Female",11,"secondary"
"1204","0.59004","6","No","Working class",5,6,"Male",42,"secondary"
"1205","0.690185","9","No","Lower middle class",5,8,"Male",22,"secondary"
"1206","0.498334","9","Yes","Working class",7,5,"Female",12,"secondary"
"1207","0.582917","8","No","Lower middle class",5,7,"Female",39,NA
"1208","0.397037","6","No","Working class",5,4,"Male",55,"secondary"
"1209","0.512361","9","No","Lower middle class",7,7,"Male",33,"primary"
"1210","0.540139","7","Yes","Lower middle class",6,6,"Male",7,"secondary"
"1211","0.691019","8","No","Upper middle class",5,9,"Female",36,NA
"1212","0.60537","9","No","Upper middle class",5,8,"Male",28,NA
"1213","0.522037","8","Yes","Upper middle class",6,7,"Female",10,NA
"1214","0.350602","8","No","Lower middle class",5,6,"Male",53,"tertiary"
"1215","0.633148","9","No","Upper middle class",4,7,"Male",23,NA
"1216","0.651806","8","No","Lower middle class",5,7,"Male",25,"tertiary"
"1217","0.37963","8","No","Lower middle class",3,7,"Female",11,"secondary"
"1218","0.5825","8","No","Lower middle class",7,5,"Female",37,NA
"1219","0.203426","9","No","Lower middle class",7,5,"Male",50,"secondary"
"1220","0.594352","7","No","Upper middle class",7,8,"Female",30,"tertiary"
"1221","0.6925","7","No","Working class",7,6,"Male",10,NA
"1222","0.526667","5","Yes","Working class",5,5,"Female",28,"secondary"
"1223","0.528148","Completely dissatisfied","No","Lower middle class",6,6,"Female",50,NA
"1224","0.558241","8","Yes","Upper middle class",3,5,"Female",7,NA
"1225","0.736806","6","Yes","Lower middle class",4,6,"Male",10,NA
"1226","0.668667","6","Yes","Lower middle class",5,5,"Female",10,"secondary"
"1227","0.452167","8","No","Lower middle class",5,4,"Female",50,"secondary"
"1228","0.293633","7","No","Lower middle class",5,6,"Male",34,"secondary"
"1229","0.425778","6","No","Lower middle class",5,5,"Female",34,"secondary"
"1230","0.560818","9","Yes","Lower middle class",4,5,"Male",10,NA
"1231","0.688843","Completely satisfied","Yes","Lower middle class",5,7,"Female",3,NA
"1232","0.309213","Completely dissatisfied","No","Lower class",6,1,"Female",36,"primary"
"1233","0.478472","Completely satisfied","No","Lower middle class",5,8,"Male",34,"secondary"
"1234","0.30963","8","No","Working class",7,4,"Male",44,"secondary"
"1235","0.492083","Completely satisfied","No","Lower middle class",6,7,"Female",55,NA
"1236","0.617472","9","Yes","Lower middle class",6,5,"Female",6,"secondary"
"1237","0.501065","6","No","Lower middle class",5,5,"Female",71,"secondary"
"1238","0.489255","8","No","Lower middle class",5,5,"Male",45,"secondary"
"1239","0.65125","7","No","Lower middle class",5,4,"Male",18,"secondary"
"1240","0.71375","7","No","Lower middle class",5,5,"Male",22,"tertiary"
"1241","0.256806","7","No","Working class",2,4,"Male",48,"secondary"
"1242","0.423981","6","Yes","Working class",6,3,"Male",10,NA
"1243","0.359861","7","No","Lower middle class",5,6,"Male",34,"secondary"
"1244","0.548953","5","Yes","Lower middle class",4,5,"Female",7,NA
"1245","0.394584","5","Yes","Lower middle class",4,5,"Female",53,"secondary"
"1246","0.616945","7","No","Lower middle class",6,5,"Female",58,"secondary"
"1247","0.307315","4","No","Lower middle class",NA,6,"Male",53,"secondary"
"1248","0.778565","7","No","Lower middle class",5,6,"Male",21,"secondary"
"1249","0.663241","6","No","Working class",6,4,"Female",22,"secondary"
"1250","0.769306","7","Yes","Working class",6,5,"Male",3,"secondary"
"1251","0.77463","8","No","Lower middle class",6,5,"Male",15,NA
"1252","0.781574","8","No","Lower middle class",6,6,"Female",18,"tertiary"
"1253","0.827871","9","No","Lower middle class",7,5,"Female",3,"secondary"
"1254","0.703287","9","No","Lower middle class",7,5,"Female",76,"secondary"
"1255","0.854167","7","No","Lower middle class",7,5,"Male",35,NA
"1256","0.834917","7","No","Lower middle class",6,6,"Male",31,"secondary"
"1257","0.838333","7","No","Working class",6,NA,"Male",20,"secondary"
"1258","0.838889","7","No","Lower middle class",4,6,"Female",38,"tertiary"
"1259","0.71375","7","No","Lower middle class",4,7,"Female",49,"tertiary"
"1260","0.709815","7","No","Lower middle class",6,7,"Male",14,NA
"1261","0.479167","7","No","Working class",3,5,"Female",25,"secondary"
"1262","0.475324","9","No","Lower middle class",5,5,"Female",45,"secondary"
"1263","0.804028","7","No","Lower middle class",4,5,"Male",9,"secondary"
"1264","0.647037","8","No",NA,5,4,"Male",16,"secondary"
"1265","0.537824","7","Yes","Lower middle class",5,5,"Female",15,NA
"1266","0.691297","9","No","Lower middle class",NA,7,"Male",50,"primary"
"1267","0.70838","7","Yes","Lower middle class",6,9,"Male",13,NA
"1268","0.679722","7","No","Lower middle class",6,8,"Female",43,"secondary"
"1269","0.728334","8","No","Lower middle class",6,8,"Female",27,NA
"1270","0.742639","8","No","Lower middle class",6,8,"Male",12,NA
"1271","0.783889","Completely satisfied","No","Upper middle class",7,9,"Male",34,"tertiary"
"1272","0.672778","Completely satisfied","Yes","Upper middle class",6,10,"Male",8,NA
"1273","0.638361","8","No","Lower middle class",6,7,"Female",12,"secondary"
"1274","0.619954","5","No","Working class",4,5,"Male",52,"secondary"
"1275","0.705602","7","Yes","Lower middle class",5,6,"Male",35,"secondary"
"1276","0.632167","7","No","Working class",4,3,"Female",66,"secondary"
"1277","0.649528","8","No","Lower middle class",5,7,"Female",41,"tertiary"
"1278","0.78404","7","No","Working class",7,5,"Male",11,NA
"1279","0.72525","7","No","Lower middle class",6,6,"Male",15,NA
"1280","0.645167","7","No","Lower middle class",6,4,"Male",41,"tertiary"
"1281","0.642407","7","No","Working class",4,4,"Male",37,"secondary"
"1282","0.716759","9","No","Lower middle class",5,8,"Female",41,NA
"1283","0.619815","7","No","Lower middle class",4,6,"Male",25,NA
"1284","0.397667","Completely satisfied","No","Working class",7,5,"Female",28,"secondary"
"1285","0.477573","7","No","Lower class",3,1,"Male",30,"primary"
"1286","0.450834","6","No","Upper middle class",4,7,"Male",50,"tertiary"
"1287","0.269583","8","No","Lower middle class",4,5,"Female",48,"secondary"
"1288","0.616773","7","Yes",NA,5,NA,"Male",6,NA
"1289","0.770417","9","No","Lower middle class",5,5,"Male",23,"tertiary"
"1290","0.763334","8","No","Lower middle class",4,6,"Female",17,"tertiary"
"1291","0.838333","7","No","Lower middle class",7,5,"Female",38,"tertiary"
"1292","0.565602","6","No","Lower middle class",5,6,"Male",20,"secondary"
"1293","0.811667","8","Yes","Lower middle class",7,6,"Male",9,NA
"1294","0.857963","8","Yes","Lower middle class",6,4,"Male",8,NA
"1295","0.163075","7","No","Lower middle class",5,5,"Female",57,"secondary"
"1296","0.53792","8","No","Lower middle class",4,4,"Male",42,"secondary"
"1297","0.75904","6","No","Working class",3,NA,"Female",24,"secondary"
"1298","0.1725","4","No","Working class",4,NA,"Female",53,"tertiary"
"1299","0.56752","7","No","Lower middle class",6,NA,"Female",6,NA
"1300","0.738253","8","Yes","Lower middle class",6,6,"Male",10,NA
"1301","0.751898","7","No","Lower middle class",6,5,"Male",34,NA
"1302","0.549676","7","Yes","Lower middle class",5,7,"Male",3,"secondary"
"1303","0.685972","7","Yes","Working class",8,6,"Male",9,"secondary"
"1304","0.658195","7","No","Working class",7,6,"Female",30,"secondary"
"1305","0.667454","8","No","Lower middle class",6,6,"Female",68,"primary"
"1306","0.459537","7","No","Working class",6,5,"Male",10,"secondary"
"1307","0.595278","7","No","Lower middle class",6,7,"Male",45,"tertiary"
"1308","0.549259","6","No","Working class",5,4,"Female",54,"secondary"
"1309","0.496852","9","Yes","Lower middle class",6,6,"Female",24,"secondary"
"1310","0.570093","8","No","Lower middle class",6,7,"Male",25,"secondary"
"1311","0.58412","5","No","Working class",5,4,"Female",55,"primary"
"1312","0.700556","7","No","Working class",NA,5,"Female",22,"primary"
"1313","0.909167","Completely satisfied","No","Lower middle class",8,5,"Female",24,"secondary"
"1314","0.687083","7","No","Working class",5,5,"Male",6,NA
"1315","0.469074","8","No","Working class",5,5,"Male",39,"secondary"
"1316","0.622408","4","No","Working class",5,3,"Male",52,"secondary"
"1317","0.636019","6","No","Lower middle class",5,4,"Female",56,"secondary"
"1318","0.538658","9","No","Lower middle class",6,5,"Female",38,NA
"1319","0.478333","8","No","Lower class",6,3,"Male",55,"secondary"
"1320","0.770417","7","No","Lower middle class",5,4,"Female",15,"secondary"
"1321","0.409028","4","No","Working class",5,2,"Male",5,"secondary"
"1322","0.506389","9","No","Lower middle class",5,5,"Female",30,"tertiary"
"1323","0.700417","8","No","Lower middle class",6,5,"Male",43,"tertiary"
"1324","0.427824","8","No","Lower middle class",6,4,"Male",18,"secondary"
"1325","0.651806","9","No","Lower middle class",5,5,"Female",22,"secondary"
"1326","0.726019","8","No","Lower middle class",5,5,"Female",5,"primary"
"1327","0.682037","9","No","Lower middle class",7,5,"Male",15,"secondary"
"1328","0.765371","5","No","Lower middle class",7,5,"Female",21,NA
"1329","0.659306","9","No","Lower middle class",6,5,"Male",35,NA
"1330","0.555139","8","No","Lower middle class",6,5,"Male",38,"secondary"
"1331","0.476435","6","Yes","Lower middle class",4,5,"Male",10,NA
"1332","0.300093","5","No","Lower middle class",2,5,"Female",20,NA
"1333","0.424972","7","Yes","Lower middle class",5,4,"Female",3,"secondary"
"1334","0.818333","8","No","Lower middle class",6,5,"Female",51,"secondary"
"1335","0.525046","7","No","Working class",NA,3,"Female",57,"tertiary"
"1336","0.499083","8","No","Working class",4,5,"Female",22,"secondary"
"1337","0.53213","6","No","Working class",5,5,"Male",45,"secondary"
"1338","0.668426","8","No","Lower middle class",4,7,"Female",6,"secondary"
"1339","0.601574","8","Yes","Upper middle class",5,7,"Male",11,NA
"1340","0.510741","8","No","Lower middle class",5,5,"Female",51,"secondary"
"1341","0.487315","7","No","Lower class",7,3,"Female",33,"secondary"
"1342","0.577315","7","No","Working class",5,5,"Male",50,"secondary"
"1343","0.607963","7","No","Working class",6,4,"Male",37,"secondary"
"1344","0.676713","7","No","Lower middle class",6,6,"Female",38,"secondary"
"1345","0.770417","7","Yes","Lower middle class",6,NA,"Female",24,"secondary"
"1346","0.650463","5","No","Lower middle class",3,3,"Male",24,"secondary"
"1347","0.632732","9","No","Lower class",5,4,"Male",48,"primary"
"1348","0.624167","9","No","Lower middle class",5,8,"Female",51,"secondary"
"1349","0.480987","7","No","Working class",4,7,"Female",15,"primary"
"1350","0.731065","8","No","Working class",5,5,"Female",16,"secondary"
"1351","0.809787","8","No","Upper middle class",8,8,"Female",26,"tertiary"
"1352","0.577176","8","No","Lower class",3,5,"Female",19,"primary"
"1353","0.683518","7","No","Lower middle class",6,7,"Male",51,"secondary"
"1354","0.808907","7","No","Lower middle class",7,5,"Male",21,NA
"1355","0.971667","6","Yes","Lower middle class",6,6,"Male",8,NA
"1356","0.847472","5","No","Lower middle class",6,3,"Female",50,NA
"1357","0.869867","8","No","Lower middle class",6,5,"Female",20,NA
"1358","0.375253","2","No","Lower class",4,NA,"Male",41,"primary"
"1359","0.785773",NA,"No","Working class",6,4,"Male",18,"secondary"
"1360","0.221633","3","No","Working class",2,NA,"Female",4,"secondary"
"1361","0.654128","6","No",NA,6,5,"Male",59,NA
"1362","0.782806","6","No","Lower middle class",7,6,"Male",25,NA
"1363","0.857963","8","No","Lower middle class",7,7,"Female",33,"secondary"
"1364","0.972222","9","Yes","Lower middle class",7,5,"Male",6,NA
"1365","0.707917","6","No","Lower middle class",5,5,"Female",41,"tertiary"
"1366","0.630417","5","Yes","Lower middle class",4,5,"Female",19,"secondary"
"1367","0.245371","8","Yes","Lower middle class",4,NA,"Male",3,"secondary"
"1368","0.119537","8","No","Lower middle class",4,5,"Male",51,"primary"
"1369","0.771759","7","Yes","Lower middle class",5,4,"Female",37,"secondary"
"1370","0.6925","6","No","Lower middle class",4,5,"Male",25,"secondary"
"1371","0.747685","7","No","Lower middle class",6,6,"Female",45,"secondary"
"1372","0.469352","6","No","Lower middle class",5,6,"Female",25,NA
"1373","0.443972","6","No","Lower class",5,4,"Female",56,"primary"
"1374","0.709537","7","No","Lower middle class",6,6,"Male",34,"secondary"
"1375","0.729167","7","No","Working class",5,4,"Female",12,"secondary"
"1376","0.924815","4","Yes","Lower middle class",6,NA,"Female",39,"secondary"
"1377","0.54287","7","No","Working class",4,4,"Female",61,"primary"
"1378","0.69812","7","No","Lower middle class",6,6,"Male",37,"secondary"
"1379","0.679167","5","Yes","Lower middle class",6,6,"Female",11,NA
"1380","0.515334","7","No","Lower middle class",6,6,"Female",32,"tertiary"
"1381","0.700556","8","No","Lower class",3,3,"Female",15,"primary"
"1382","0.498472","7","No","Lower class",4,3,"Female",52,"primary"
"1383","0.638472","3","No","Lower class",4,2,"Female",34,"primary"
"1384","0.478333","7","No","Lower class",4,5,"Female",13,"secondary"
"1385","0.542037","7","No","Lower class",4,3,"Male",31,"primary"
"1386","0.58519","8","No","Working class",5,6,"Female",47,"primary"
"1387","0.575695","9","No","Lower middle class",4,7,"Female",12,"secondary"
"1388","0.522593","8","No","Working class",5,7,"Male",32,"secondary"
"1389","0.564468","8","No","Lower middle class",5,6,"Male",55,"primary"
"1390","0.588019","9","No","Lower middle class",4,8,"Male",8,"secondary"
"1391","0.61","8","No","Lower middle class",5,7,"Male",9,"secondary"
"1392","0.545046","6","No","Working class",5,2,"Female",40,"secondary"
"1393","0.634908","8","No","Lower middle class",5,6,"Female",18,NA
"1394","0.522037","8","No","Lower class",8,3,"Male",57,"primary"
"1395","0.491806","8","No","Working class",6,6,"Male",24,"secondary"
"1396","0.452037","Completely satisfied","No","Working class",5,NA,"Female",53,"primary"
"1397","0.526944","8","Yes","Lower middle class",5,5,"Female",5,"secondary"
"1398","0.602639","6","Yes","Working class",7,6,"Female",25,"secondary"
"1399","0.547361","9","No","Working class",5,6,"Male",14,"secondary"
"1400","0.447408","3","No","Lower class",6,NA,"Male",49,"primary"
"1401","0.450278","8","No","Working class",3,5,"Female",50,"primary"
"1402","0.527222","9","No","Working class",5,5,"Male",19,"primary"
"1403","0.56752","8","Yes","Lower middle class",6,6,"Female",9,"secondary"
"1404","0.658195","8","No","Lower middle class",4,6,"Male",37,"primary"
"1405","0.610278","8","No","Lower middle class",7,7,"Female",33,"secondary"
"1406","0.297639","Completely satisfied","No","Working class",6,7,"Female",12,NA
"1407","0.411065","9","Yes","Working class",6,6,"Female",5,NA
"1408","0.286343","6","Yes","Working class",6,4,"Male",14,"secondary"
"1409","0.239907","8","No","Working class",6,4,"Male",35,"secondary"
"1410","0.593389","9","No","Lower middle class",6,6,"Female",32,"secondary"
"1411","0.17537","Completely satisfied","No","Lower middle class",7,7,"Female",52,"secondary"
"1412","0.542454","9","No","Working class",7,5,"Male",24,NA
"1413","0.513056","8","No","Lower middle class",6,7,"Male",13,"secondary"
"1414","0.55213","6","No","Lower middle class",6,5,"Female",25,"secondary"
"1415","0.443333","9","No","Lower middle class",4,7,"Female",19,"secondary"
"1416","0.549574","6","Yes","Lower middle class",6,4,"Male",38,NA
"1417","0.824074","8","No","Lower middle class",7,5,"Female",38,"tertiary"
"1418","0.714861","Completely satisfied","No","Lower middle class",6,5,"Female",54,"primary"
"1419","0.736574","8","Yes","Lower middle class",5,4,"Male",29,"secondary"
"1420","0.525463","8","No","Lower middle class",6,5,"Female",15,"secondary"
"1421","0.563982","9","No","Lower middle class",3,NA,"Male",45,"secondary"
"1422","0.5825","8","No","Lower middle class",4,6,"Female",22,"secondary"
"1423","0.328287","7","No","Lower middle class",5,6,"Male",19,NA
"1424","0.540388","6","No","Working class",6,4,"Female",8,"secondary"
"1425","0.375157","8","No","Lower middle class",3,7,"Male",30,"secondary"
"1426","0.332083","Completely satisfied","No","Lower class",7,NA,"Male",43,"primary"
"1427","0.647315","8","Yes","Lower middle class",6,5,"Female",9,"secondary"
"1428","0.585093","8","No","Working class",5,7,"Female",26,"secondary"
"1429","0.361875","8","Yes","Lower middle class",7,5,"Male",8,"primary"
"1430","0.442741","Completely dissatisfied","Yes","Lower class",2,2,"Female",31,"secondary"
"1431","0.487315","7","No","Lower middle class",5,5,"Female",13,"secondary"
"1432","0.443334","7","Yes","Lower middle class",4,5,"Female",5,NA
"1433","0.589445","9","No","Working class",7,5,"Female",46,"secondary"
"1434","0.591621","4","No","Working class",4,5,"Male",18,"secondary"
"1435","0.481482","Completely satisfied","No","Working class",NA,5,"Male",34,"secondary"
"1436","0.602917","Completely satisfied","No","Lower middle class",4,6,"Male",30,"secondary"
"1437","0.26812","Completely dissatisfied","No","Lower middle class",3,5,"Male",63,"secondary"
"1438","0.765371","5","No","Lower middle class",5,5,"Female",12,NA
"1439","0.8175","6","Yes","Lower middle class",4,5,"Male",4,NA
"1440","0.672778","7","No","Lower middle class",5,5,"Female",38,"secondary"
"1441","0.80787","3","No","Lower middle class",4,5,"Female",36,"secondary"
"1442","0.520507","Completely satisfied","No","Upper middle class",4,7,"Male",40,"tertiary"
"1443","0.638472","5","Yes","Lower middle class",5,6,"Female",18,NA
"1444","0.592593","8","Yes","Lower middle class",4,5,"Male",10,"secondary"
"1445","0.665417","3","No","Lower middle class",NA,5,"Female",51,"secondary"
"1446","0.543028","9","No","Lower middle class",6,6,"Female",29,NA
"1447","0.798194","8","No","Lower middle class",5,3,"Male",19,"secondary"
"1448","0.805","7","No","Lower middle class",5,5,"Male",20,NA
"1449","0.518102","8","No","Working class",5,7,"Female",16,"secondary"
"1450","0.431759","8","No","Lower middle class",5,6,"Male",49,"primary"
"1451","0.342037","5","Yes","Lower class",6,2,"Female",14,"primary"
"1452","0.327176","8","No","Working class",3,6,"Male",20,"secondary"
"1453","0.359583","Completely satisfied","No","Lower middle class",6,7,"Female",46,"secondary"
"1454","0.563109",NA,"No","Working class",6,7,"Female",28,"secondary"
"1455","0.432037","3","Yes","Upper middle class",5,6,"Male",6,"secondary"
"1456","0.589723","7","No","Lower middle class",5,NA,"Female",21,"secondary"
"1457","0.68463","7","No","Lower middle class",5,6,"Male",42,"secondary"
"1458","0.644445","6","No","Working class",5,4,"Female",70,"secondary"
"1459","0.644861","5","No","Lower middle class",3,5,"Male",18,"secondary"
"1460","0.742639","6","Yes","Lower middle class",5,6,"Female",7,NA
"1461","0.433657","Completely satisfied","No","Lower middle class",7,NA,"Female",12,"secondary"
"1462","0.32775","Completely satisfied","No","Lower middle class",5,5,"Male",64,"primary"
"1463","0.674815","8","No","Lower middle class",3,6,"Female",43,"tertiary"
"1464","0.422778","Completely satisfied","Yes",NA,5,7,"Male",4,"secondary"
"1465","0.474907","7","No","Working class",5,3,"Male",32,"primary"
"1466","0.374722","7","No","Lower middle class",4,6,"Male",64,"primary"
"1467","0.462547","8","No","Lower middle class",5,6,"Female",19,"secondary"
"1468","0.202195","Completely satisfied","No","Working class",4,4,"Male",20,"secondary"
"1469","0.240741","7","No","Lower class",6,3,"Female",39,"primary"
"1470","0.37272","Completely satisfied","Yes","Lower middle class",6,NA,"Male",3,"secondary"
"1471","0.267056","6","No","Working class",4,7,"Female",40,"primary"
"1472","0.505972","7","No","Lower middle class",5,7,"Male",30,"primary"
"1473","0.325417","8","No","Working class",5,5,"Male",41,"primary"
"1474","0.498472","8","No","Lower middle class",5,8,"Female",27,"primary"
"1475","0.579907","8","No","Working class",7,6,"Male",11,"secondary"
"1476","0.198604","6","No","Working class",6,4,"Female",63,"primary"
"1477","0.295185","8","No","Lower middle class",7,6,"Female",27,"secondary"
"1478","0.556381","7","No","Lower middle class",6,3,"Female",39,"primary"
"1479","0.352639","7","Yes","Working class",4,4,"Male",19,"primary"
"1480","0.419908","8","No","Working class",5,3,"Male",33,"secondary"
"1481","0.71204","9","Yes","Working class",7,4,"Female",3,"secondary"
"1482","0.66452","8","Yes","Working class",7,5,"Female",3,"secondary"
"1483","0.693611","9","No","Lower middle class",7,7,"Female",13,"secondary"
"1484","0.71204","Completely satisfied","No","Working class",7,4,"Female",28,NA
"1485","0.409445","9","Yes","Lower middle class",5,6,"Male",5,NA
"1486","0.166667","9","No","Lower middle class",5,6,"Female",6,"secondary"
"1487","0.269","Completely satisfied","Yes","Working class",6,5,"Male",10,"primary"
"1488","0.404537","7","No","Working class",6,3,"Female",38,"secondary"
"1489","0.540695","8","No","Lower middle class",4,8,"Male",13,"secondary"
"1490","0.547639","8","No","Lower middle class",5,6,"Female",12,"secondary"
"1491","0.502037","7","No","Lower middle class",6,7,"Male",20,"secondary"
"1492","0.525833","9","No","Lower middle class",6,7,"Male",35,"secondary"
"1493","0.556343","Completely satisfied","No","Lower middle class",6,5,"Female",38,"secondary"
"1494","0.740741","6","No","Lower middle class",4,4,"Female",33,"secondary"
"1495","0.860278","7","No","Lower middle class",7,5,"Male",19,NA
"1496","0.611898","7","No","Lower middle class",5,4,"Female",39,"secondary"
"1497","0.60375","Completely satisfied","Yes","Lower middle class",5,4,"Female",13,"secondary"
"1498","0.500787","8","Yes","Working class",6,3,"Male",18,"secondary"
"1499","0.749584","7","No","Lower middle class",6,4,"Male",14,NA
"1500","0.670834","5","Yes","Lower class",6,3,"Male",27,"secondary"
"1501","0.4225","5","No","Lower middle class",4,5,"Female",58,"primary"
"1502","0.705602","8","No","Lower middle class",4,5,"Female",22,NA
"1503","0.373472","9","No","Working class",5,4,"Male",39,"secondary"
"1504","0.876482","8","Yes","Working class",7,3,"Male",7,NA
"1505","0.699444","9","No","Lower middle class",7,5,"Female",15,"secondary"
"1506","0.420602","Completely satisfied","No","Lower middle class",6,5,"Female",51,"primary"
"1507","0.574074","Completely satisfied","Yes","Lower middle class",5,5,"Female",29,"secondary"
"1508","0.3325","8","No","Lower middle class",5,8,"Female",44,"secondary"
"1509","0.160509","9","No","Lower middle class",6,5,"Male",16,"primary"
"1510","0.553241","8","No","Lower middle class",5,6,"Male",32,"primary"
"1511","0.851297","8","Yes","Lower middle class",6,5,"Male",3,"secondary"
"1512","0.645834","Completely dissatisfied","No","Lower middle class",7,5,"Male",25,NA
"1513","0.417731","Completely satisfied","No","Lower class",2,3,"Male",19,"primary"
"1514","0.726435","7","No","Lower middle class",4,5,"Female",33,"tertiary"
"1515","0.749583","9","No","Lower middle class",6,4,"Female",40,"secondary"
"1516","0.887917","9","No","Lower middle class",6,7,"Female",20,NA
"1517","0.628797","8","No","Working class",5,5,"Female",39,"primary"
"1518","0.548333","5","No","Working class",5,2,"Female",65,"secondary"
"1519","0.9375","7","No","Working class",7,5,"Male",49,NA
"1520","0.668982","9","Yes","Lower middle class",5,8,"Female",3,"secondary"
"1521","0.473704","7","No","Lower class",5,3,"Female",20,"secondary"
"1522","0.373472","9","No","Lower middle class",5,7,"Female",37,NA
"1523","0.665733","9","No","Working class",5,4,"Female",10,NA
"1524","0.644167","7","Yes","Lower middle class",6,7,"Male",8,"secondary"
"1525","0.410787","9","No","Lower middle class",6,7,"Male",5,"secondary"
"1526","0.464306","8","No","Lower middle class",3,5,"Male",16,"tertiary"
"1527","0.733556","8","No","Lower middle class",7,5,"Male",22,"secondary"
"1528","0.506389","7","No","Lower middle class",3,6,"Female",17,"secondary"
"1529","0.5625","8","No","Working class",5,4,"Male",44,"secondary"
"1530","0.891204","Completely satisfied","No","Lower middle class",4,6,"Male",41,"tertiary"
"1531","0.374583","Completely satisfied","No","Lower middle class",6,2,"Female",41,"primary"
"1532","0.668287","6","No","Working class",3,3,"Female",34,"secondary"
"1533","0.459537","Completely satisfied","No","Lower middle class",3,5,"Female",55,"secondary"
"1534","0.645","4","No","Lower middle class",5,6,"Male",18,"secondary"
"1535","0.6895","8","No","Working class",5,3,"Female",66,"primary"
"1536","0.699074","9","No","Lower middle class",4,5,"Male",63,"primary"
"1537","0.818611","8","No","Working class",4,5,"Female",29,"secondary"
"1538","0.881945","7","Yes","Working class",5,4,"Female",5,NA
"1539","0.591759","7","No","Working class",3,4,"Female",3,"secondary"
"1540","0.638056","9","Yes","Working class",4,6,"Male",5,"secondary"
"1541","0.712963","7","Yes","Lower class",7,3,"Male",22,"primary"
"1542","0.808","7","No","Lower class",7,3,"Female",25,"secondary"
"1543","0.612514","9","Yes","Lower middle class",5,5,"Male",9,"secondary"
"1544","0.549333","Completely satisfied","No","Working class",5,4,"Female",64,"primary"
"1545","0.637361",NA,"No","Working class",4,5,"Female",15,"primary"
"1546","0.655093","8","No","Lower middle class",6,6,"Male",40,"secondary"
"1547","0.661621","8","No","Lower middle class",6,5,"Male",18,"secondary"
"1548","0.457361","9","No","Lower middle class",5,4,"Female",22,"primary"
"1549","0.520417","Completely satisfied","No","Lower middle class",6,2,"Female",55,"primary"
"1550","0.636574","9","No","Lower middle class",5,6,"Female",35,NA
"1551","0.9575","8","No","Working class",8,5,"Female",33,"secondary"
"1552","0.722222","4","Yes","Working class",6,3,"Male",3,"secondary"
"1553","0.655093","9","No","Lower middle class",6,5,"Female",28,"primary"
"1554","0.571759","9","No","Working class",8,4,"Female",12,"secondary"
"1555","0.637611","Completely satisfied","No","Lower middle class",6,5,"Male",30,"tertiary"
"1556","0.742084","Completely satisfied","No","Lower middle class",6,5,"Female",55,"primary"
"1557","0.68287","6","No","Lower middle class",7,4,"Male",14,"secondary"
"1558","0.598426","8","No","Lower middle class",6,6,"Male",47,"secondary"
"1559","0.636574","6","No","Working class",6,4,"Female",31,"secondary"
"1560","0.599537","9","Yes","Lower middle class",6,6,"Female",8,NA
"1561","0.604954","7","Yes","Working class",5,3,"Male",18,NA
"1562","0.491806","7","No","Working class",5,3,"Female",37,"primary"
"1563","0.647176","7","No","Working class",6,NA,"Male",22,"primary"
"1564","0.487037","Completely dissatisfied","No","Lower middle class",5,4,"Male",47,"secondary"
"1565","0.378796","9","Yes","Working class",7,4,"Female",4,"secondary"
"1566","0.589167","9","No","Working class",6,5,"Female",15,"secondary"
"1567","0.580602","7","No","Working class",5,4,"Female",32,"secondary"
"1568","0.316157","Completely satisfied","No","Working class",6,3,"Male",66,NA
"1569","0.586713","8","Yes","Working class",5,3,"Male",6,"secondary"
"1570","0.488796","9","No","Lower class",6,2,"Male",29,"primary"
"1571","0.790833","9","No",NA,7,5,"Female",20,"secondary"
"1572","0.514528","6","No","Lower middle class",6,7,"Male",49,"secondary"
"1573","0.614787","8","No","Working class",5,7,"Female",9,NA
"1574","0.666885","8","No","Lower middle class",NA,7,"Female",49,"secondary"
"1575","0.569887","9","Yes","Lower middle class",NA,6,"Male",10,"secondary"
"1576","0.458333","5","No","Lower middle class",5,6,"Female",14,"secondary"
"1577","0.385672","7","No","Working class",5,4,"Male",25,"secondary"
"1578","0.52287","9","No","Working class",8,7,"Male",50,"secondary"
"1579",NA,"6","No","Lower class",4,3,"Male",4,"secondary"
"1580","0.555764","8","No","Lower middle class",6,6,"Female",49,"primary"
"1581","0.442213","5","No","Lower middle class",4,6,"Female",23,"secondary"
"1582","0.547868","7","Yes","Lower middle class",5,6,"Male",5,"secondary"
"1583","0.56292","7","No","Lower middle class",4,7,"Female",52,"secondary"
"1584","0.50338","8","No","Lower middle class",2,6,"Female",10,"secondary"
"1585","0.447546","7","No","Working class",4,6,"Female",49,"primary"
"1586","0.269306","7","No","Lower middle class",5,6,"Male",28,"primary"
"1587","0.589639","Completely satisfied","No","Lower middle class",5,5,"Male",6,NA
"1588","0.415713","9","No","Lower middle class",4,5,"Female",39,"secondary"
"1589","0.641253","8","Yes","Lower middle class",6,6,"Female",39,"secondary"
"1590","0.2153","8","No","Lower middle class",5,3,"Male",18,"secondary"
"1591",NA,"8","No","Working class",5,6,"Male",37,"secondary"
"1592","0.449733","9","No","Lower middle class",6,7,"Male",13,"secondary"
"1593","0.592","8","Yes","Working class",4,6,"Female",7,"secondary"
"1594","0.381889","7","No","Working class",6,7,"Female",21,"primary"
"1595","0.352733","9","No","Lower class",2,4,"Female",65,"primary"
"1596","0.533611","Completely satisfied","No","Lower middle class",5,6,"Male",65,"secondary"
"1597","0.40725","9","No","Lower middle class",6,5,"Female",38,"secondary"
"1598","0.311944","8","Yes","Lower middle class",5,8,"Male",3,"secondary"
"1599","0.5215","6","Yes","Working class",5,4,"Male",7,"secondary"
"1600","0.458583","9","Yes","Working class",5,5,"Male",22,"secondary"
"1601","0.653","8","No","Lower middle class",6,5,"Female",27,"secondary"
"1602","0.612176","7","No","Working class",6,5,"Female",24,"secondary"
"1603","0.617807","5","No","Working class",6,3,"Female",56,"primary"
"1604","0.792037","Completely satisfied","Yes","Lower middle class",7,5,"Male",15,"secondary"
"1605","0.876482","8","No","Working class",8,4,"Male",10,"tertiary"
"1606","0.728333","9","No","Working class",5,4,"Female",56,"primary"
"1607","0.638417","Completely satisfied","No","Lower class",8,5,"Female",31,NA
"1608","0.548194","9","No","Lower class",6,3,"Male",26,"secondary"
"1609","0.633843","8","No","Lower middle class",5,4,"Female",18,NA
"1610","0.825972","Completely satisfied","Yes","Lower middle class",5,5,"Male",6,NA
"1611","0.761556","8","No","Lower class",6,3,"Male",31,"primary"
"1612","0.585232","8","No","Working class",7,3,"Female",10,"secondary"
"1613","0.751898","7","Yes","Lower class",6,3,"Female",27,"secondary"
"1614","0.726019","8","No","Lower middle class",5,5,"Female",16,"secondary"
"1615","0.515639","8","Yes","Lower middle class",5,5,"Male",3,"secondary"
"1616","0.568733","5","No","Working class",6,3,"Male",43,"primary"
"1617","0.674398","8","Yes","Lower class",6,2,"Female",23,"secondary"
"1618","0.279323","Completely satisfied","Yes","Lower class",5,3,"Female",5,"secondary"
"1619","0.519306","7","No","Working class",5,3,"Male",43,"primary"
"1620","0.46375","8","No","Lower middle class",6,5,"Male",8,"secondary"
"1621","0.675509","9","No","Lower middle class",5,5,"Female",35,"secondary"
"1622","0.510602","8","Yes","Lower class",7,2,"Male",22,"primary"
"1623","0.672778","8","No","Lower class",6,3,"Female",7,"secondary"
"1624","0.751898","8","No","Lower middle class",7,4,"Male",26,"primary"
"1625","0.505","8","No","Working class",5,3,"Female",61,"primary"
"1626","0.669445","6","No","Working class",NA,5,"Male",43,"secondary"
"1627","0.29287","8","No","Working class",5,5,"Female",45,"primary"
"1628","0.643889","9","No","Lower middle class",7,8,"Male",28,"secondary"
"1629","0.626482","9","No","Lower class",5,6,"Female",17,"primary"
"1630","0.49963","8","No","Lower middle class",5,6,"Male",20,"secondary"
"1631","0.471111","9","No","Lower class",5,2,"Male",19,"secondary"
"1632","0.368056","9","No","Lower class",5,3,"Male",47,"secondary"
"1633","0.619537","9","No","Working class",NA,6,"Female",35,"secondary"
"1634","0.573241","8","No","Working class",6,2,"Female",13,"secondary"
"1635","0.516574","8","No","Working class",5,5,"Female",16,"secondary"
"1636","0.523519","8","Yes","Working class",4,3,"Male",8,"secondary"
"1637","0.54706","9","Yes","Working class",5,6,"Female",8,"secondary"
"1638","0.477222","8","No","Lower class",4,2,"Male",54,"primary"
"1639","0.550509","8","No","Working class",4,5,"Female",20,"secondary"
"1640","0.635463","9","No","Lower middle class",4,5,"Female",31,"secondary"
"1641","0.438287","6","No","Working class",4,7,"Male",45,"secondary"
"1642","0.526945","9","No","Lower class",4,1,"Female",58,"primary"
"1643","0.575972","Completely satisfied","Yes","Working class",4,4,"Male",19,"secondary"
"1644","0.651945","4","No","Lower class",4,2,"Female",40,"primary"
"1645","0.475898","7","Yes","Working class",4,2,"Female",23,"primary"
"1646","0.586417","7","No","Lower class",8,2,"Female",62,"primary"
"1647","0.732269","8","No","Working class",6,4,"Female",24,NA
"1648","0.773148","8","No","Lower middle class",4,5,"Female",34,"secondary"
"1649","0.406852","8","No","Lower class",5,5,"Male",14,"secondary"
"1650","0.358835","6","Yes","Lower middle class",7,6,"Male",21,"secondary"
"1651","0.331944","7","Yes","Lower middle class",4,5,"Male",9,"secondary"
"1652","0.360417","7","No","Working class",5,5,"Male",50,"primary"
"1653","0.540694","5","No","Lower middle class",5,5,"Female",16,"secondary"
"1654","0.609861","7","No","Lower middle class",5,5,"Male",31,"secondary"
"1655","0.568194","Completely satisfied","Yes","Working class",5,3,"Female",42,"secondary"
"1656","0.621435","Completely satisfied","No","Working class",5,6,"Female",19,NA
"1657","0.685556","Completely satisfied","Yes",NA,6,6,"Female",24,"secondary"
"1658","0.53088","8","No","Lower middle class",5,4,"Male",35,"secondary"
"1659","0.540417","9","Yes",NA,4,NA,"Female",9,"tertiary"
"1660","0.402223","Completely satisfied","Yes","Working class",5,6,"Male",18,"secondary"
"1661","0.694167","7","No","Lower middle class",6,7,"Male",27,NA
"1662","0.762917","8","No","Working class",5,7,"Female",24,NA
"1663","0.588445","8","No","Lower middle class",4,7,"Female",51,"primary"
"1664","0.588445","7","Yes","Lower middle class",5,8,"Female",10,"primary"
"1665","0.693333","7","No","Lower middle class",5,7,"Male",19,NA
"1666","0.851852","9","No","Working class",7,6,"Male",53,"secondary"
"1667","0.586776","8","Yes","Working class",7,5,"Male",9,"secondary"
"1668","0.471954","9","No","Working class",6,4,"Female",37,"primary"
"1669","0.660093","8","No","Working class",6,5,"Male",21,"primary"
"1670","0.402","7","Yes","Lower middle class",5,6,"Female",18,"secondary"
"1671","0.548833","5","No","Lower middle class",7,7,"Female",49,"secondary"
"1672","0.874167","8","Yes","Lower middle class",6,6,"Male",20,"tertiary"
"1673","0.954639","Completely satisfied","No","Working class",7,5,"Male",19,NA
"1674","0.710594","7","Yes","Working class",5,NA,"Male",6,NA
"1675","0.612","5","No","Working class",5,5,"Male",53,"tertiary"
"1676","0.521482","8","No","Lower middle class",5,7,"Male",15,"secondary"
"1677","0.555556","8","Yes","Lower middle class",6,7,"Female",5,NA
"1678","0.549815","7","No","Lower middle class",5,5,"Female",59,"primary"
"1679","0.466204","8","No","Lower middle class",3,5,"Male",30,"secondary"
"1680","0.668565","8","No","Lower middle class",6,7,"Female",29,"secondary"
"1681","0.341065","6","Yes","Working class",4,7,"Male",9,"primary"
"1682","0.394722","7","Yes",NA,6,7,"Female",13,"primary"
"1683","0.471111","7","No","Working class",3,5,"Male",51,"primary"
"1684","0.211713","9","No","Upper middle class",4,7,"Male",41,"secondary"
"1685","0.392963","7","Yes","Lower middle class",7,6,"Female",36,"primary"
"1686","0.580047","4","Yes","Working class",3,8,"Female",10,"secondary"
"1687","0.478472","6","No","Lower class",5,6,"Male",20,"primary"
"1688","0.432315","7","No","Lower class",3,4,"Female",25,"secondary"
"1689","0.381111","6","Yes","Lower middle class",6,4,"Male",9,"secondary"
"1690","0.374444","6","No","Lower class",5,6,"Male",60,"secondary"
"1691","0.216898","8","Yes","Lower middle class",5,6,"Male",10,"secondary"
"1692","0.621158","9","No","Lower middle class",6,8,"Male",26,NA
"1693","0.411639","7","Yes","Lower middle class",5,2,"Female",6,NA
"1694","0.464583","6","Yes","Lower middle class",6,6,"Male",13,NA
"1695","0.943333","9","No","Working class",7,5,"Female",17,NA
"1696","0.461296","7","No","Lower middle class",4,7,"Male",39,NA
"1697","0.360278","7","No","Lower middle class",5,7,"Male",23,"secondary"
"1698","0.397204","6","No","Lower middle class",4,7,"Female",35,NA
"1699","0.490463","4","No","Working class",5,4,"Female",67,"primary"
"1700","0.263333","5","No","Lower middle class",3,4,"Female",19,"tertiary"
"1701","0.360833","8","Yes","Lower middle class",4,6,"Female",5,"secondary"
"1702","0.302685","6","No","Working class",4,5,"Female",61,"tertiary"
"1703","0.322963","9","No","Lower middle class",4,6,"Female",16,"secondary"
"1704","0.349157","8","Yes","Working class",2,4,"Male",55,"primary"
"1705","0.6375","6","No","Working class",4,4,"Male",15,"secondary"
"1706","0.410509",NA,"No","Working class",6,4,"Female",9,"primary"
"1707","0.332222","6","No","Lower middle class",5,5,"Male",57,"secondary"
"1708","0.341481","6","No","Working class",6,4,"Female",50,"primary"
"1709","0.567917","6","Yes","Working class",5,5,"Male",3,"secondary"
"1710","0.540139","6","No","Working class",5,5,"Female",35,"secondary"
"1711","0.63","6","No","Lower class",5,4,"Female",45,"primary"
"1712","0.352639","6","No","Lower class",3,5,"Male",21,"primary"
"1713","0.521733","8","Yes","Lower class",6,2,"Male",4,"secondary"
"1714","0.402222","4","No","Lower class",6,5,"Male",56,"primary"
"1715","0.566813","4","No","Lower class",3,1,"Female",10,"secondary"
"1716","0.535361","8","No","Lower middle class",5,5,"Female",52,"primary"
"1717","0.484167","3","Yes","Lower middle class",5,4,"Female",4,"secondary"
"1718","0.48332","5","No","Lower middle class",6,4,"Male",25,"secondary"
"1719","0.586435","8","No","Working class",6,4,"Female",26,"secondary"
"1720","0.646204","7","No","Lower middle class",5,5,"Male",11,"secondary"
"1721","0.585232","7","No","Lower middle class",5,5,"Female",20,"secondary"
"1722","0.461852","8","Yes","Lower middle class",6,5,"Female",10,"secondary"
"1723","0.51537","8","No","Lower middle class",6,6,"Male",42,"secondary"
"1724","0.545324","6","Yes","Lower middle class",5,4,"Female",4,"secondary"
"1725","0.47575","8","No","Lower middle class",4,5,"Male",14,"secondary"
"1726","0.503102","6","No","Working class",5,4,"Female",39,"secondary"
"1727","0.290416","3","No","Lower middle class",6,6,"Male",77,"primary"
"1728","0.607269","3","No","Lower middle class",4,6,"Female",23,"secondary"
"1729","0.37351","4","Yes","Working class",4,4,"Male",3,"secondary"
"1730","0.419768","6","Yes","Working class",4,4,"Female",10,"secondary"
"1731","0.632871","8","Yes","Lower middle class",5,5,"Female",23,NA
"1732","0.441018","8","No","Lower middle class",5,5,"Male",44,"primary"
"1733","0.577454","8","No","Working class",5,5,"Female",50,"secondary"
"1734","0.835648","8","Yes","Lower middle class",5,4,"Female",5,"secondary"
"1735","0.547083","8","Yes","Lower middle class",5,7,"Male",10,"secondary"
"1736","0.730926","6","No","Lower middle class",7,8,"Male",17,"secondary"
"1737","0.616667","7","No","Working class",5,5,"Female",16,"secondary"
"1738","0.855648","8","No","Working class",6,5,"Male",34,"secondary"
"1739","0.591482","7","No","Lower middle class",5,5,"Female",49,"secondary"
"1740","0.452176","8","Yes","Lower class",5,5,"Male",7,"secondary"
"1741","0.374166","7","No","Lower middle class",6,6,"Female",32,"secondary"
"1742","0.528565","8","No","Working class",5,5,"Male",33,"secondary"
"1743","0.433796","7","Yes","Lower middle class",6,5,"Male",11,"secondary"
"1744","0.717037","5","Yes","Lower class",6,4,"Female",13,NA
"1745","0.510602","6","No","Working class",7,3,"Female",59,"primary"
"1746","0.423","8","No","Working class",6,3,"Female",61,"primary"
"1747","0.61","2","No","Lower middle class",5,6,"Male",30,"secondary"
"1748","0.600741","8","Yes","Lower middle class",5,7,"Female",4,"secondary"
"1749","0.425232","9","Yes","Working class",6,3,"Male",47,"primary"
"1750","0.596111","7","No","Lower middle class",5,4,"Female",39,"primary"
"1751","0.468796","4","No","Lower middle class",6,7,"Female",23,"secondary"
"1752","0.619398","8","No","Lower middle class",4,7,"Female",19,"secondary"
"1753","0.570371","4","Yes","Lower middle class",6,8,"Male",8,"secondary"
"1754","0.656158","4","No","Lower middle class",5,2,"Male",3,"secondary"
"1755","0.481481","8","No","Lower middle class",6,7,"Female",15,"secondary"
"1756","0.331806","3","No","Lower middle class",3,4,"Male",41,"primary"
"1757","0.712547","7","No","Lower middle class",6,5,"Female",56,"primary"
"1758","0.487315","7","No","Lower middle class",6,6,"Male",25,"secondary"
"1759","0.350463","4","No","Lower middle class",7,7,"Male",18,"secondary"
"1760","0.553611","8","No","Lower middle class",3,7,"Female",9,"secondary"
"1761","0.471111","8","No","Lower middle class",5,4,"Female",31,"secondary"
"1762","0.416111","2","No","Working class",2,3,"Female",37,"primary"
"1763","0.168917","5","No","Lower middle class",4,6,"Male",42,"primary"
"1764","0.295324","8","No","Lower middle class",5,5,"Male",19,"secondary"
"1765","0.551296","5","No","Working class",4,3,"Female",21,"secondary"
"1766","0.632871","9","Yes","Working class",4,7,"Female",16,"secondary"
"1767","0.811945","Completely satisfied","Yes","Upper middle class",6,7,"Male",4,NA
"1768","0.336574","8","Yes","Working class",6,7,"Male",51,"secondary"
"1769","0.629074","7","No","Lower middle class",6,6,"Male",43,"primary"
"1770","0.721667","9","No","Working class",6,6,"Male",41,"secondary"
"1771","0.528704","9","Yes","Working class",6,7,"Female",25,"secondary"
"1772","0.418179","8","Yes",NA,6,NA,"Female",9,"primary"
"1773","0.602778","8","No","Lower class",7,8,"Male",34,"secondary"
"1774","0.636639","8","No","Lower class",8,6,"Female",33,"primary"
"1775","0.713889","Completely satisfied","No","Lower middle class",7,8,"Female",42,"secondary"
"1776","0.612037","8","Yes","Lower middle class",6,8,"Female",36,"primary"
"1777","0.70463","8","No","Lower class",5,7,"Female",57,"primary"
"1778","0.6375","7","No","Working class",6,7,"Female",12,"secondary"
"1779","0.500926",NA,"Yes","Working class",6,8,"Male",20,"primary"
"1780","0.823102","2","No","Lower class",6,2,"Female",31,"secondary"
"1781","0.916667","Completely satisfied","No","Working class",8,7,"Female",50,"tertiary"
"1782","0.972222","8","No","Working class",6,7,"Male",12,NA
"1783","0.855167","8","No","Working class",4,7,"Female",9,"tertiary"
"1784","0.916667","7","Yes","Lower class",4,7,"Male",8,NA
"1785","0.647593","8","Yes","Lower class",4,5,"Female",16,"secondary"
"1786","0.633704","5","No","Working class",4,6,"Male",34,"secondary"
"1787","0.651945","8","No","Working class",3,6,"Male",9,NA
"1788","0.679584","8","Yes","Lower middle class",4,7,"Female",10,NA
"1789","0.55963","8","No","Working class",4,5,"Male",50,"secondary"
"1790","0.49713","9","Yes","Lower middle class",4,7,"Female",34,NA
"1791","0.651667","8","No","Lower middle class",5,7,"Female",20,"secondary"
"1792","0.481482","9","No","Lower middle class",3,6,"Female",9,"secondary"
"1793","0.411139","7","No","Lower middle class",3,6,"Female",49,"secondary"
"1794","0.428694","Completely satisfied","No","Lower middle class",5,5,"Male",49,"secondary"
"1795","0.414352","9","Yes","Lower middle class",4,6,"Male",5,"secondary"
"1796","0.818056","6","No","Lower middle class",5,6,"Male",22,"secondary"
"1797","0.449074","7","No","Lower middle class",4,5,"Female",66,"secondary"
"1798","0.451389","9","Yes","Lower middle class",5,6,"Male",3,"secondary"
"1799","0.647732","6","No","Working class",5,2,"Female",45,"tertiary"
"1800","0.605648","7","No","Lower middle class",4,5,"Female",14,"tertiary"
"1801","0.578426","9","No","Upper middle class",6,8,"Male",19,"secondary"
"1802","0.688704","Completely satisfied","No","Lower middle class",4,7,"Male",47,"secondary"
"1803","0.346667","6","No","Lower middle class",4,7,"Female",71,"primary"
"1804","0.688704","7","No","Lower middle class",5,7,"Female",34,"secondary"
"1805","0.496852","8","Yes","Lower middle class",7,6,"Female",9,"tertiary"
"1806","0.441296","7","Yes","Lower middle class",6,7,"Male",4,NA
"1807","0.404833","8","No","Lower middle class",2,7,"Female",23,NA
"1808","0.712547","8","Yes","Upper middle class",3,5,"Female",19,NA
"1809","0.25","8","No","Lower middle class",3,8,"Male",54,"secondary"
"1810","0.582917","7","Yes","Working class",2,4,"Male",31,"secondary"
"1811","0.327592","5","Yes","Lower middle class",4,5,"Female",8,NA
"1812","0.300093","5","No","Lower class",5,NA,"Male",48,"secondary"
"1813","0.36463","Completely satisfied","No","Lower middle class",4,5,"Female",27,NA
"1814","0.48037","8","Yes","Lower middle class",4,7,"Male",13,NA
"1815","0.203148","5","No","Lower middle class",3,5,"Female",38,"secondary"
"1816","0.34162","Completely satisfied","Yes","Lower middle class",5,3,"Male",5,NA
"1817","0.410926","5","Yes","Lower middle class",4,5,"Female",38,"secondary"
"1818","0.398305","5","No","Lower middle class",4,5,"Female",17,"secondary"
"1819","0.253518","5","Yes","Lower middle class",4,5,"Male",22,"secondary"
"1820","0.335093","5","No","Lower middle class",4,5,"Female",59,"primary"
"1821","0.5715","9","Yes",NA,5,5,"Female",3,"secondary"
"1822","0.454396","6","Yes","Working class",3,5,"Male",13,"secondary"
"1823","0.393341","7","Yes","Working class",4,7,"Female",20,"primary"
"1824","0.35133","Completely satisfied","No","Lower middle class",4,6,"Female",51,"primary"
"1825","0.46204","6","No","Lower middle class",4,5,"Male",48,"secondary"
"1826","0.539277","7","No","Lower middle class",5,4,"Male",27,"secondary"
"1827","0.444653","8","No","Lower middle class",6,3,"Female",25,"secondary"
"1828","0.404685","9","Yes",NA,6,4,"Female",5,"secondary"
"1829","0.350185","8","No","Lower middle class",4,7,"Male",13,"secondary"
"1830","0.623333","Completely satisfied","No","Lower middle class",4,8,"Female",35,"secondary"
"1831","0.582084","5","Yes","Working class",2,6,"Female",31,NA
"1832","0.309491","6","No","Upper middle class",4,6,"Female",54,"primary"
"1833","0.339167","8","Yes","Lower middle class",2,6,"Female",7,"secondary"
"1834","0.390093","Completely satisfied","No","Lower middle class",5,4,"Male",55,"primary"
"1835","0.531296","Completely satisfied","Yes","Lower middle class",3,7,"Male",17,"secondary"
"1836","0.546667","8","No",NA,3,9,"Male",38,"tertiary"
"1837","0.291667","7","No","Lower middle class",4,8,"Female",67,"tertiary"
"1838","0.599537","7","No","Lower middle class",6,6,"Female",49,NA
"1839","0.415833","8","Yes","Upper middle class",7,8,"Male",3,"secondary"
"1840","0.517269","8","No","Upper middle class",6,8,"Male",21,NA
"1841","0.463109","7","Yes","Working class",6,3,"Female",53,"primary"
"1842","0.491944","4","Yes","Lower class",6,3,"Female",19,"secondary"
"1843","0.200417","Completely satisfied","Yes","Lower middle class",5,6,"Female",5,NA
"1844","0.499167","Completely dissatisfied","No","Lower middle class",6,6,"Male",18,"secondary"
"1845","0.48025","7","No","Working class",3,3,"Male",45,"primary"
"1846","0.652778","8","No","Lower middle class",7,5,"Male",29,NA
"1847","0.499445","6","No","Working class",8,4,"Female",36,NA
"1848","0.674611","8","No","Lower middle class",6,6,"Female",10,"secondary"
"1849","0.613871","8","No","Working class",7,4,"Female",41,"primary"
"1850","0.642204","9","No","Working class",7,4,"Female",57,"primary"
"1851","0.276806","8","Yes","Working class",6,5,"Male",5,"secondary"
"1852","0.472227","6","No","Working class",6,5,"Male",60,"secondary"
"1853","0.397037","9","No","Lower middle class",6,4,"Female",28,"primary"
"1854","0.492083","8","No","Working class",7,4,"Female",74,"primary"
"1855","0.454491","7","No","Working class",6,4,"Female",25,"secondary"
"1856","0.504074","9","Yes","Lower middle class",6,5,"Male",3,"secondary"
"1857","0.650833","8","Yes","Lower middle class",5,5,"Female",3,"secondary"
"1858","0.475741","7","Yes","Working class",7,4,"Male",12,"secondary"
"1859","0.383287","8","No","Lower middle class",6,6,"Male",22,"secondary"
"1860","0.553611","7","No","Working class",7,4,"Male",51,"primary"
"1861","0.503519","9","No","Lower middle class",4,9,"Male",49,"primary"
"1862","0.665139","8","No","Lower middle class",6,7,"Female",23,NA
"1863","0.706389","8","No","Working class",6,7,"Female",14,NA
"1864","0.397315","Completely satisfied","No","Lower middle class",6,8,"Male",18,"secondary"
"1865","0.535787","Completely satisfied","Yes","Lower middle class",7,8,"Female",3,"secondary"
"1866","0.633426","7","No","Lower middle class",7,7,"Male",25,"secondary"
"1867","0.5825","4","No","Lower middle class",3,8,"Male",55,"primary"
"1868","0.713889","6","Yes","Lower middle class",4,7,"Female",19,NA
"1869","0.654676","6","Yes","Working class",5,6,"Male",9,"secondary"
"1870","0.591621","7","No","Lower middle class",2,7,"Female",27,"secondary"
"1871","0.637406","7","Yes","Lower class",5,5,"Female",5,"secondary"
"1872","0.399491","8","No","Lower class",5,4,"Male",10,"primary"
"1873","0.24412","7","No","Working class",5,5,"Male",45,"secondary"
"1874","0.543426","7","No","Working class",5,3,"Female",20,"secondary"
"1875","0.484583","8","No","Lower middle class",5,4,"Female",48,"primary"
"1876","0.37437","8","Yes","Lower middle class",5,6,"Male",9,"secondary"
"1877","0.535509","7","No","Working class",3,4,"Female",53,"primary"
"1878","0.771204","9","No","Lower middle class",4,8,"Female",19,"tertiary"
"1879","0.575834","8","No","Lower middle class",5,7,"Female",40,"secondary"
"1880","0.4655","7","Yes","Lower middle class",3,7,"Male",21,"secondary"
"1881","0.619815","5","No","Lower middle class",5,6,"Male",40,"secondary"
"1882","0.517963","7","No","Lower middle class",4,7,"Female",52,"secondary"
"1883","0.636019","6","Yes","Lower middle class",3,7,"Female",4,"secondary"
"1884","0.621852","5","Yes","Upper middle class",3,7,"Male",14,"secondary"
"1885","0.332084","7","Yes","Lower middle class",5,6,"Female",23,NA
"1886","0.693889","9","No","Lower middle class",7,5,"Male",7,NA
"1887","0.345972","8","No","Lower class",5,6,"Male",23,"primary"
"1888","0.770834","8","No","Lower middle class",5,4,"Female",32,NA
"1889","0.36","9","No","Lower middle class",6,5,"Male",61,"primary"
"1890","0.426713","Completely satisfied","No","Lower middle class",2,6,"Female",10,NA
"1891","0.575972","7","Yes","Lower middle class",5,6,"Female",7,"secondary"
"1892","0.445232","4","No","Upper middle class",2,5,"Female",31,"secondary"
"1893","0.538935","8","No","Lower middle class",5,6,"Male",16,"tertiary"
"1894","0.547083","8","No","Working class",4,7,"Male",47,"primary"
"1895","0.442778","6","No","Working class",2,5,"Female",48,"primary"
"1896","0.60375","7","No","Working class",4,6,"Female",39,"secondary"
"1897","0.584537","8","Yes","Lower middle class",5,7,"Female",10,NA
"1898","0.531783","7","No","Working class",NA,8,"Male",27,"primary"
"1899","0.560973","8","Yes","Lower middle class",6,7,"Male",5,"primary"
"1900","0.354954","7","No","Working class",3,6,"Female",62,"secondary"
"1901","0.729954","8","Yes","Working class",5,3,"Female",6,"secondary"
"1902","0.583333","8","No","Lower middle class",4,7,"Male",15,"secondary"
"1903","0.622685","8","No","Lower middle class",5,6,"Female",57,"primary"
"1904","0.411065","6","No","Working class",5,NA,"Male",46,"primary"
"1905","0.595833","5","No","Lower middle class",5,7,"Female",33,"secondary"
"1906","0.60375","Completely satisfied","Yes","Lower middle class",4,7,"Female",10,"secondary"
"1907","0.352733","7","No","Working class",5,5,"Female",32,NA
"1908","0.705185","6","No","Upper middle class",5,8,"Male",23,"tertiary"
"1909","0.526111","8","No","Working class",4,4,"Male",52,"primary"
"1910","0.536204","5","Yes","Lower middle class",5,5,"Male",9,"primary"
"1911","0.415417","7","No","Lower middle class",5,5,"Male",10,"secondary"
"1912","0.564398","8","No","Working class",4,5,"Female",39,"secondary"
"1913","0.601482","Completely satisfied","Yes","Upper middle class",5,8,"Female",7,NA
"1914","0.637917","9","No","Upper middle class",3,8,"Female",34,NA
"1915","0.510324","9","No","Lower middle class",5,8,"Male",36,"secondary"
"1916","0.446482","5","No","Working class",5,5,"Male",34,"tertiary"
"1917","0.5625","9","No","Lower middle class",5,7,"Female",35,"secondary"
"1918","0.399417","9","Yes","Lower middle class",4,5,"Male",3,"secondary"
"1919","0.615324","7","No","Lower middle class",4,6,"Female",17,"secondary"
"1920","0.218629","7","No","Lower middle class",4,7,"Female",52,"primary"
"1921","0.51752","7","Yes","Working class",4,6,"Female",9,"secondary"
"1922","0.554445","7","No","Upper middle class",3,7,"Female",31,"tertiary"
"1923","0.531157","8","No","Working class",6,4,"Male",25,"secondary"
"1924","0.458487","Completely satisfied","No","Lower middle class",3,8,"Female",50,"secondary"
"1925","0.459815","8","No","Lower middle class",5,5,"Male",45,"secondary"
"1926","0.714306","7","No","Lower middle class",7,4,"Female",26,"secondary"
"1927","0.297556","7","No","Lower middle class",4,4,"Female",40,NA
"1928","0.39949","7","Yes","Lower middle class",5,6,"Female",50,"secondary"
"1929","0.818333","8","No","Lower middle class",7,4,"Male",40,NA
"1930","0.46375","9","No","Lower middle class",7,6,"Female",39,"secondary"
"1931","0.708704","7","Yes","Lower middle class",5,5,"Male",15,"secondary"
"1932","0.491528","9","No","Lower middle class",5,5,"Female",23,"secondary"
"1933","0.500787","8","No","Lower middle class",5,6,"Male",7,NA
"1934","0.58412","Completely satisfied","Yes","Upper middle class",5,8,"Female",12,NA
"1935","0.650047","6","No","Lower middle class",5,5,"Female",16,"secondary"
"1936","0.536083","7","No","Lower middle class",5,6,"Female",40,"primary"
"1937","0.440185","7","No","Working class",6,5,"Female",20,"secondary"
"1938","0.380417","8","No","Lower middle class",5,6,"Female",18,NA
"1939","0.505","8","No","Lower middle class",5,6,"Male",41,"tertiary"
"1940","0.413241",NA,"Yes","Lower middle class",5,6,"Male",14,"secondary"
"1941","0.5675","6","Yes","Working class",5,4,"Male",30,"secondary"
"1942","0.77625","9","Yes","Lower middle class",7,6,"Male",5,NA
"1943","0.537037","8","Yes","Lower middle class",5,5,"Female",4,"secondary"
"1944","0.575695","7","No","Lower middle class",5,5,"Male",34,"tertiary"
"1945","0.58412","8","No","Lower middle class",5,5,"Male",55,"secondary"
"1946","0.866204","9","Yes","Lower middle class",6,5,"Male",6,NA
"1947","0.561667","8","Yes","Lower middle class",5,6,"Female",23,"tertiary"
"1948","0.890709","9","No","Lower middle class",4,5,"Male",34,"tertiary"
"1949","0.297042","9","No","Lower middle class",5,5,"Female",16,"primary"
"1950","0.515709","9","No","Lower middle class",6,NA,"Male",65,"primary"
"1951","0.724121","9","No","Lower middle class",3,5,"Male",13,"secondary"
"1952","0.636833","8","No","Lower middle class",5,5,"Female",28,"secondary"
"1953","0.764806","8","No","Lower middle class",4,5,"Female",13,NA
"1954","0.707972","Completely satisfied","Yes","Working class",5,4,"Female",37,"secondary"
"1955","0.56212","8","No","Working class",4,2,"Male",43,"primary"
"1956","0.478333","8","Yes","Working class",5,4,"Male",8,"secondary"
"1957","0.4575","8","No","Lower middle class",4,4,"Female",11,"secondary"
"1958","0.591264","8","No","Working class",5,3,"Male",29,"secondary"
"1959","0.74537","7","No",NA,5,NA,"Female",57,"primary"
"1960","0.725741","8","No","Lower middle class",4,6,"Female",39,"secondary"
"1961","0.63238","8","No","Lower middle class",4,4,"Female",23,"secondary"
"1962","0.645","7","Yes","Working class",4,3,"Female",4,"secondary"
"1963","0.421342","7","No","Working class",5,5,"Male",37,"secondary"
"1964","0.65625","Completely satisfied","No","Lower middle class",NA,NA,"Female",62,"primary"
"1965","0.612445","9","Yes","Lower middle class",4,4,"Male",12,"secondary"
"1966","0.42825","8","No","Working class",5,3,"Female",28,"secondary"
"1967","0.627685","4","Yes","Working class",5,5,"Female",10,"secondary"
"1968","0.394722","8","No","Lower middle class",4,8,"Male",5,"secondary"
"1969","0.398935","8","No","Lower class",6,6,"Male",59,"primary"
"1970","0.475324","6","No","Lower class",5,4,"Male",20,"secondary"
"1971","0.355231","7","No","Lower class",5,4,"Male",49,"secondary"
"1972","0.560555","8","No","Working class",4,4,"Female",8,"secondary"
"1973","0.55213","6","No","Working class",5,5,"Female",19,"secondary"
"1974","0.371435","Completely satisfied","No","Lower middle class",5,2,"Female",39,NA
"1975","0.391991","8","No","Working class",5,5,"Male",15,"secondary"
"1976","0.386574","8","No","Lower middle class",5,8,"Male",9,NA
"1977","0.538102","6","Yes","Lower middle class",4,7,"Female",18,"secondary"
"1978","0.359167","8","No","Working class",5,3,"Female",44,"primary"
"1979","0.398935","8","No","Lower class",6,6,"Female",59,"primary"
"1980","0.336435","8","No","Lower middle class",5,7,"Male",26,"secondary"
"1981","0.34625","9","Yes","Lower middle class",4,7,"Male",19,"secondary"
"1982","0.491528","Completely satisfied","No","Working class",5,7,"Female",50,"secondary"
"1983","0.54125","6","No","Lower class",5,2,"Female",27,"secondary"
"1984","0.389676","8","No","Working class",5,6,"Male",49,"primary"
"1985","0.627685","4","Yes","Working class",5,5,"Female",9,"secondary"
"1986","0.401866","7","No","Lower middle class",4,8,"Male",76,"primary"
"1987","0.606528","8","No","Lower middle class",4,8,"Female",10,"secondary"
"1988","0.587417","6","No","Lower middle class",5,7,"Male",43,"secondary"
"1989","0.64662","5","No","Working class",8,5,"Female",27,"secondary"
"1990","0.531574","7","Yes","Upper middle class",5,8,"Male",6,NA
"1991","0.309213","7","No","Working class",5,5,"Male",45,"primary"
"1992","0.628796","6","Yes","Lower middle class",3,6,"Female",3,"secondary"
"1993","0.601019","9","No","Working class",3,6,"Female",45,NA
"1994","0.420046","6","Yes","Lower middle class",5,5,"Female",25,"secondary"
"1995",NA,"7","No","Upper middle class",5,9,"Male",18,"secondary"
"1996","0.392685","7","Yes","Lower middle class",2,6,"Female",36,"secondary"
"1997","0.458333","7","No","Lower middle class",4,7,"Female",50,"secondary"
"1998","0.51713","7","Yes","Lower middle class",2,6,"Female",10,"secondary"
"1999","0.491945","8","Yes","Lower middle class",4,7,"Male",9,"secondary"
"2000","0.370093","7","No","Lower middle class",2,7,"Male",25,"tertiary"
"2001","0.49875","8","No","Working class",5,3,"Male",45,"primary"
"2002","0.587341","6","Yes","Lower class",7,5,"Female",4,"secondary"
"2003","0.513472","7","Yes","Lower middle class",2,6,"Male",11,"secondary"
"2004","0.3325","4","Yes","Lower middle class",5,8,"Female",33,"secondary"
"2005","0.369259","8","No","Working class",7,6,"Female",61,"primary"
"2006","0.490264","8","No","Working class",4,4,"Male",58,"primary"
"2007","0.209861","6","No","Working class",4,4,"Male",46,"primary"
"2008","0.429445","8","No","Lower middle class",5,5,"Male",20,"secondary"
"2009","0.499167","Completely satisfied","No","Lower middle class",6,5,"Female",59,"primary"
"2010","0.355648","8","No","Working class",4,4,"Male",40,"primary"
"2011","0.325417","Completely satisfied","No","Lower class",5,5,"Male",13,"secondary"
"2012","0.740324","Completely satisfied","No","Lower middle class",6,5,"Male",42,"primary"
"2013","0.212963","Completely satisfied","Yes","Lower middle class",4,5,"Female",5,NA
"2014","0.4775","5","No","Lower class",6,3,"Female",42,"primary"
"2015","0.571195","Completely satisfied","No","Lower middle class",4,5,"Female",8,"secondary"
"2016","0.459815","8","No","Lower middle class",6,5,"Female",37,"primary"
"2017","0.490393","Completely satisfied","Yes","Lower middle class",6,5,"Female",23,"secondary"
"2018","0.46775","6","No","Lower middle class",6,5,"Female",47,"secondary"
"2019","0.471945","8","No","Working class",4,5,"Female",15,"secondary"
"2020","0.270417","Completely satisfied","Yes","Lower middle class",5,5,"Male",3,"secondary"
"2021","0.457361","Completely satisfied","No","Lower middle class",4,5,"Female",21,"secondary"
"2022","0.235","8","No","Lower middle class",4,5,"Female",58,"primary"
"2023","0.503344","8","No","Lower middle class",4,5,"Female",18,"secondary"
"2024","0.414074","8","No","Working class",NA,4,"Male",42,"primary"
"2025","0.47588","8","No","Lower middle class",4,5,"Male",31,"primary"
"2026","0.280387","7","No","Lower middle class",8,7,"Female",30,NA
"2027","0.439412","7","No","Lower middle class",6,7,"Female",50,"secondary"
"2028","0.3325","8","No","Lower middle class",8,7,"Female",20,"secondary"
"2029","0.378102","7","No","Lower middle class",4,7,"Female",9,"secondary"
"2030",NA,"6","No",NA,7,4,"Male",18,"primary"
"2031","0.569885",NA,"No","Working class",6,NA,"Female",22,"primary"
"2032","0.61452","6","Yes","Lower class",7,NA,"Male",3,"secondary"
"2033","0.5675","7","No","Lower middle class",6,5,"Male",51,"primary"
"2034","0.462648",NA,"No",NA,5,NA,"Female",41,"primary"
"2035","0.423982","6","Yes","Lower middle class",5,6,"Female",19,"secondary"
"2036","0.327907","5","No","Lower middle class",5,6,"Female",43,"primary"
"2037",NA,"8","Yes","Lower class",4,4,"Female",8,"secondary"
"2038","0.465167","6","No","Lower middle class",5,4,"Male",27,"secondary"
"2039","0.332083","6","No","Working class",5,6,"Male",24,"secondary"
"2040","0.5912","3","Yes","Working class",8,5,"Male",10,"secondary"
"2041","0.432853","7",NA,"Working class",8,2,"Male",66,"primary"
"2042","0.270416","6","No","Lower middle class",8,NA,"Male",40,"secondary"
"2043","0.290833","7","Yes","Lower middle class",6,6,"Male",10,"primary"
"2044","0.354","7","No","Lower middle class",6,3,"Female",53,"secondary"
"2045","0.583333","9","No","Working class",7,4,"Male",31,"primary"
"2046","0.444028","5","No","Working class",5,5,"Female",45,"primary"
"2047","0.319444","Completely satisfied","No","Lower middle class",5,5,"Male",49,"secondary"
"2048","0.447129","Completely satisfied","No","Working class",4,3,"Male",33,"primary"
"2049","0.581945","5","No","Lower middle class",5,5,"Female",18,"primary"
"2050","0.327315","9","No","Lower middle class",2,5,"Female",14,"secondary"
"2051","0.406296","8","No","Working class",5,5,"Female",26,"secondary"
"2052","0.660093","8","No","Working class",5,6,"Female",24,"secondary"
"2053","0.34363",NA,"No","Working class",5,4,"Male",40,"primary"
"2054","0.561667","9","No","Lower middle class",7,8,"Male",18,"secondary"
"2055","0.576759","Completely satisfied","No","Lower middle class",4,8,"Female",27,"primary"
"2056","0.616389","Completely satisfied","Yes","Lower middle class",5,6,"Female",3,"secondary"
"2057","0.761574","7","Yes","Lower middle class",4,6,"Female",3,"secondary"
"2058","0.397593","9","No","Working class",5,4,"Male",53,"primary"
"2059","0.368981","7","No","Lower middle class",7,7,"Female",65,"primary"
"2060","0.439398","7","No","Lower middle class",5,5,"Female",23,"secondary"
"2061","0.421453","Completely satisfied","No","Lower middle class",8,6,"Male",5,"secondary"
"2062","0.573241","Completely satisfied","Yes","Lower middle class",6,6,"Male",10,"secondary"
"2063","0.382731","4","Yes","Lower middle class",6,6,"Male",7,"primary"
"2064","0.690802","7","No","Working class",5,5,"Female",20,"secondary"
"2065","0.423056","7","Yes","Lower middle class",6,5,"Male",19,NA
"2066","0.845834","9","Yes","Lower middle class",5,NA,"Female",23,"secondary"
"2067","0.51969","8","No","Lower middle class",5,5,"Female",66,"primary"
"2068","0.808","7","No","Lower middle class",5,NA,"Female",19,NA
"2069","0.464639","8","No","Lower middle class",6,NA,"Female",25,"primary"
"2070","0.692917","8","No","Lower middle class",6,7,"Male",19,"secondary"
"2071","0.417731","8","No","Lower middle class",6,NA,"Female",28,"tertiary"
"2072","0.592593","9","No","Working class",8,4,"Female",9,"secondary"
"2073","0.582361","8","No","Lower middle class",5,7,"Male",45,"secondary"
"2074","0.573573","8","No","Working class",6,5,"Male",8,"primary"
"2075","0.381389","Completely satisfied","No","Working class",7,5,"Female",42,"primary"
"2076","0.327907","8","No","Working class",6,5,"Female",57,"secondary"
"2077","0.5625","8","No","Working class",6,5,"Male",57,"primary"
"2078","0.683449","9","No","Working class",6,5,"Female",45,"secondary"
"2079","0.686067","8","No","Lower middle class",6,5,"Male",20,"secondary"
"2080","0.526945","7","No","Working class",6,3,"Female",4,"secondary"
"2081","0.418426","5","No","Working class",6,NA,"Male",40,"secondary"
"2082","0.359584","Completely satisfied","No","Working class",5,NA,"Female",13,"secondary"
"2083","0.2425","9","No","Working class",7,NA,"Male",31,"secondary"
"2084","0.415972","7","Yes","Working class",5,5,"Male",6,"secondary"
"2085","0.700556","6","No","Working class",4,3,"Female",5,"secondary"
"2086","0.898148","9","No","Lower middle class",NA,5,"Male",55,NA
"2087","0.51537","8","Yes","Lower middle class",5,5,"Female",8,"secondary"
"2088","0.33164","Completely satisfied","No","Lower middle class",6,NA,"Female",64,"primary"
"2089","0.471111","8","No","Lower middle class",5,5,"Male",42,NA
"2090","0.51537","Completely satisfied","No","Lower middle class",6,6,"Female",29,"primary"
"2091","0.541667","6","Yes","Working class",6,4,"Female",20,NA
"2092","0.279537","8","No","Lower middle class",5,5,"Male",6,"primary"
"2093","0.11875","9","No","Lower class",8,4,"Male",18,"primary"
"2094","0.75","8","Yes","Lower middle class",7,5,"Male",15,"secondary"
"2095","0.648148","Completely satisfied","Yes","Lower middle class",7,NA,"Male",4,NA
"2096","0.412083","8","No","Working class",6,5,"Female",17,"secondary"
"2097","0.338375","8","No","Lower middle class",NA,5,"Female",38,"secondary"
"2098","0.537037","9","Yes","Lower middle class",4,5,"Female",10,NA
"2099","0.437083","7","No","Lower middle class",6,NA,"Female",47,"primary"
"2100","0.573657","9","No","Lower middle class",5,3,"Female",55,"primary"
"2101","0.56713","7","No","Lower middle class",NA,5,"Female",27,"primary"
"2102","0.796783","9","No","Lower middle class",3,4,"Male",22,"secondary"
"2103","0.735917","8","Yes","Lower middle class",NA,4,"Male",35,"primary"
"2104","0.380741","8","No","Lower middle class",4,5,"Male",20,"primary"
"2105",NA,"Completely satisfied","No",NA,8,6,"Female",16,"primary"
"2106","0.42537","8","No","Lower middle class",5,6,"Male",50,"primary"
"2107","0.305","8","Yes",NA,5,8,"Male",4,"secondary"
"2108","0.103","7","Yes",NA,NA,8,"Male",33,"primary"
"2109","0.247886","8","No","Working class",2,6,"Female",26,"secondary"
"2110","0.145766","8","No","Working class",3,5,"Female",17,"primary"
"2111","0.488901","Completely satisfied","No","Lower middle class",NA,6,"Female",45,"secondary"
"2112","0.0825","Completely satisfied","No","Lower middle class",6,6,"Male",36,"primary"
"2113","0.49852","9","No","Upper middle class",6,8,"Male",18,"primary"
"2114","0.304444","8","No","Working class",3,6,"Female",6,"secondary"
"2115","0.547083","Completely satisfied","Yes","Lower middle class",7,7,"Female",39,NA
"2116","0.554444","9","No","Lower middle class",7,7,"Male",30,"secondary"
"2117","0.403148","Completely satisfied","No","Lower middle class",7,7,"Male",50,"primary"
"2118","0.442917",NA,"No","Working class",5,9,"Female",13,"secondary"
"2119","0.267685","9","Yes","Lower middle class",5,6,"Male",5,"secondary"
"2120","0.485671","6","No","Lower middle class",4,6,"Male",11,"secondary"
"2121","0.165833","4","No","Lower middle class",5,2,"Female",22,"secondary"
"2122","0.2153","7","No","Working class",6,NA,"Male",39,"primary"
"2123","0.0825","8","No",NA,6,NA,"Female",54,"primary"
"2124","0.352733","8","No","Lower middle class",6,7,"Female",5,"secondary"
"2125","0.514954","8","No","Lower middle class",4,4,"Female",31,"secondary"
"2126","0.401806","4","Yes","Lower middle class",6,7,"Male",7,"secondary"
"2127","0.175648","6","No","Lower middle class",4,8,"Male",51,"secondary"
"2128","0.498333","7","No","Lower middle class",6,6,"Female",19,"secondary"
"2129","0.492222","7","No","Lower middle class",8,8,"Male",31,"primary"
"2130","0.290555","5","Yes","Lower middle class",8,8,"Female",7,"secondary"
"2131","0.290834","6","No","Working class",6,7,"Female",37,"primary"
"2132","0.360833","8","No","Working class",5,6,"Female",20,"primary"
"2133","0.461991","5","Yes","Lower middle class",7,7,"Male",12,"secondary"
"2134","0.433519","7","No","Lower class",6,4,"Male",24,"primary"
"2135","0.507731","6","No","Working class",6,4,"Female",40,"secondary"
"2136","0.658195","8","Yes","Lower middle class",6,6,"Male",3,"secondary"
"2137","0.438981","7","No","Working class",4,4,"Male",16,"secondary"
"2138","0.480231","7","No","Lower middle class",6,5,"Female",58,"primary"
"2139","0.281713","7","No","Lower middle class",5,4,"Male",32,"primary"
"2140","0.647732","8","Yes","Upper middle class",4,8,"Female",4,NA
"2141","0.395","6","No","Working class",6,3,"Female",58,"secondary"
"2142","0.535787","9","No","Lower middle class",5,4,"Female",34,"primary"
"2143","0.332361","5","No","Lower middle class",4,4,"Female",15,"primary"
"2144","0.538102","7","No","Working class",4,5,"Male",49,"secondary"
"2145","0.408194","6","No","Working class",4,4,"Female",31,"secondary"
"2146","0.538102","9","No","Upper middle class",5,7,"Male",34,NA
"2147","0.388056","Completely satisfied","No","Lower middle class",6,6,"Male",19,"primary"
"2148","0.339167","5","No","Working class",6,4,"Female",49,"primary"
"2149","0.463611","8","No","Upper middle class",7,7,"Male",44,"secondary"
"2150","0.484583","7","No","Lower middle class",7,6,"Female",25,"secondary"
"2151","0.523518","7","No","Lower middle class",7,7,"Female",12,"secondary"
"2152","0.404537","8","Yes","Upper middle class",7,8,"Female",9,NA
"2153","0.5125","7","No","Working class",7,7,"Male",54,"secondary"
"2154","0.380972","7","Yes","Lower middle class",7,6,"Male",5,NA
"2155","0.52162","Completely satisfied","No","Lower middle class",6,5,"Female",45,"primary"
"2156","0.553611","8","Yes","Lower middle class",6,6,"Female",11,NA
"2157","0.56287","7","No","Lower middle class",5,5,"Male",45,"primary"
"2158","0.336435","6","No","Working class",6,5,"Female",64,"primary"
"2159","0.447546","7","Yes","Lower middle class",6,5,"Male",9,"secondary"
"2160","0.452176","4","No","Working class",4,4,"Female",9,"secondary"
"2161","0.498889","5","No","Lower class",6,1,"Female",66,"primary"
"2162","0.403981","6","No","Working class",6,4,"Male",19,"primary"
"2163","0.341481","9","No","Lower middle class",4,5,"Male",21,"secondary"
"2164","0.586435","7","No","Lower middle class",6,4,"Female",32,"secondary"
"2165","0.385463","7","Yes","Lower class",6,4,"Female",29,"secondary"
"2166","0.486481","Completely satisfied","Yes","Lower class",4,6,"Male",7,"secondary"
"2167","0.398796","5","No","Lower class",5,4,"Male",21,"secondary"
"2168","0.396204","8","No","Lower class",5,7,"Male",51,"primary"
"2169","0.161204","9","No","Lower class",7,5,"Female",17,"primary"
"2170","0.410648","7","No","Lower class",3,6,"Female",32,"primary"
"2171","0.159306","6","Yes","Lower class",5,6,"Female",38,"secondary"
"2172","0.371435","7","No","Lower class",5,7,"Female",10,"secondary"
"2173","0.176417","7","No","Lower class",5,3,"Male",47,"primary"
"2174","0.503102","8","No","Lower class",5,8,"Male",11,"primary"
"2175","0.380278","7","No","Lower class",4,7,"Male",24,"primary"
"2176","0.496574","7","Yes","Working class",6,5,"Female",13,NA
"2177","0.376065","7","No","Lower class",8,6,"Female",51,"primary"
"2178","0.59975","9","Yes","Lower class",4,7,"Male",8,"primary"
"2179","0.4015","9","No","Lower class",4,7,"Female",40,"secondary"
"2180","0.327222","7","No","Lower class",7,6,"Male",40,"secondary"
"2181","0.377027","4","No","Lower class",6,6,"Male",14,"secondary"
"2182","0.510185","7","Yes","Lower class",6,8,"Female",5,NA
"2183","0.268519","7","No","Lower class",4,4,"Female",54,"primary"
"2184","0.361528","8","No","Lower class",4,7,"Female",26,"primary"
"2185","0.484583","7","No","Lower middle class",5,6,"Male",25,NA
"2186",NA,"6","No","Working class",5,4,"Male",23,"secondary"
"2187","0.569253","6","No","Working class",5,4,"Female",43,"secondary"
"2188","0.382417","6","No","Lower middle class",5,5,"Female",70,"secondary"
"2189","0.33037","9","No","Lower middle class",5,6,"Male",49,NA
"2190","0.538917","8","No","Lower middle class",5,5,"Male",29,"secondary"
"2191","0.413241","7","No","Working class",5,5,"Male",52,"secondary"
"2192","0.591773","9","Yes","Working class",6,4,"Male",25,NA
"2193","0.306726","Completely satisfied","No","Lower middle class",6,8,"Male",53,"primary"
"2194","0.11","Completely satisfied","No","Lower class",4,5,"Male",58,"secondary"
"2195","0.496574","7","Yes","Working class",6,4,"Female",7,NA
"2196","0.394961","5","No","Lower class",4,3,"Female",60,"primary"
"2197","0.11","8","No","Lower class",7,5,"Female",44,"primary"
"2198","0.29364","Completely satisfied","No","Lower middle class",5,5,"Male",28,"primary"
"2199","0.435972","8","No","Working class",5,5,"Female",40,"secondary"
"2200","0.495741","4","Yes","Working class",5,4,"Male",7,"secondary"
"2201","0.499418","8","No","Working class",4,1,"Female",40,"secondary"
"2202","0.63952","9","No","Working class",4,NA,"Female",27,"tertiary"
"2203","0.495088","5","Yes",NA,5,NA,"Male",10,"secondary"
"2204","0.495","8","No",NA,5,5,"Female",19,"secondary"
"2205","0.639","9","No",NA,5,NA,"Male",17,"secondary"
"2206","0.724907","8","No","Working class",6,3,"Female",47,"secondary"
"2207","0.819815","7","No","Lower middle class",5,4,"Female",19,NA
"2208","0.715767","8","No","Working class",6,4,"Male",24,NA
"2209","0.488389","5","No","Working class",7,4,"Female",21,NA
"2210","0.217037","7","No","Lower middle class",4,5,"Male",16,"secondary"
"2211","0.728333","8","No","Lower class",4,4,"Female",39,"primary"
"2212","0.438153","5","No","Lower middle class",4,5,"Female",38,"tertiary"
"2213","0.591482","7","No","Working class",6,4,"Male",6,"secondary"
"2214","0.728334","8","No","Lower middle class",7,6,"Female",27,"tertiary"
"2215","0.706806","8","No","Lower middle class",5,5,"Male",20,"tertiary"
"2216","0.485","Completely satisfied","No","Working class",5,3,"Male",31,"secondary"
"2217","0.91625","8","No","Working class",7,4,"Male",17,"tertiary"
"2218","0.863871","8","Yes",NA,5,NA,"Male",5,"secondary"
"2219","0.791667","9","No","Lower middle class",6,4,"Female",61,"secondary"
"2220","0.8325","8","No","Lower middle class",6,5,"Female",43,"secondary"
"2221","0.445587","8","No","Working class",6,3,"Female",6,"secondary"
"2222","0.464695","9","Yes","Lower middle class",4,4,"Female",3,"secondary"
"2223","0.082778","5","No","Lower class",4,3,"Male",68,"secondary"
"2224","0.408889","6","No","Lower class",4,3,"Male",49,"primary"
"2225","0.413778","6","No","Working class",4,3,"Male",39,"secondary"
"2226","0.458139","9","No","Lower class",2,4,"Female",36,"primary"
"2227","0.589722","7","No","Working class",2,4,"Male",13,"primary"
"2228","0.185185","Completely satisfied","No","Lower class",2,3,"Male",42,"primary"
"2229","0.258148","7","No","Lower class",2,3,"Female",73,"primary"
"2230","0.598426","8","No","Working class",4,4,"Female",7,"secondary"
